seed,offset_in_uv,cmrr_db_0p1hz,cmrr_db_50hz,cmrr_db_250hz,cmrr_db_1000hz,psrr_db_0p1hz,psrr_db_50hz,psrr_db_250hz,psrr_db_1000hz
1,3628.510333,96.21902558,43.1972525,40.25393142,14.48166528,96.43471543,43.26723316,39.88614096,8.391440617
2,335.9888663,97.12235599,48.01998937,46.03343565,15.64335222,98.0350304,44.76062795,41.62020136,6.101237655
3,534.2848345,92.07684294,41.47439731,40.24797006,11.77742553,94.02851771,40.78721874,37.80886353,5.593707885
4,-509.171821,95.1187539,50.58536834,43.22706892,24.60281977,107.1717735,53.92984738,51.18117493,28.20508972
5,542.2449099,96.69342894,55.36386091,43.54199923,19.50779291,101.5072049,48.24783804,45.47695442,16.47408664
6,1416.564096,96.42994361,43.03525373,36.14785915,16.81442664,99.28088864,46.00902229,43.11754776,12.11662537
7,-250.8603256,98.92688659,49.52603911,41.56016172,23.83459502,106.3988283,53.61024957,50.74433917,24.45536215
8,-1411.90313,99.93336117,47.34278265,45.46630699,17.91111586,100.2434436,47.04054063,43.68700515,7.337712598
9,-1202.613039,101.1521539,49.12621647,41.50728128,23.76549866,106.0207981,52.72879204,50.07318189,25.7842467
10,-1408.739889,92.48660685,49.47517603,49.75601137,17.96582692,100.1086373,46.84586858,43.9617795,13.50383091
11,1851.73308,98.10849393,46.67816274,38.39686401,21.84417681,104.3829461,51.14810435,48.21213018,21.15010129
12,2938.231032,113.6659563,63.71719671,45.68948899,23.9028987,107.0033497,53.73003917,50.19182173,11.70497795
13,-181.8165367,107.42473,69.94894052,66.522677,35.62190333,120.5230234,67.19398797,62.04442172,18.11111136
14,-1948.383793,97.46047863,66.14060848,51.88913924,49.38520553,117.7958708,77.77930128,71.41853007,19.00998549
15,1252.858524,102.1846634,67.9681467,53.82099767,48.59042227,123.0883522,79.49405431,71.93281372,18.76598223
16,-513.3131061,97.27120472,49.18487663,38.61121329,27.86761359,111.5784105,58.24371032,54.11615746,14.78982699
17,1072.199519,112.2157634,65.41483739,42.29247105,25.45225836,109.237704,56.0582478,52.3800495,13.36254156
18,-361.5590878,96.91123854,57.73332572,49.30545676,32.40298738,115.3702712,62.15755134,59.99774266,25.6873893
19,1143.752083,97.56164267,50.41014351,46.47289751,22.13344612,104.5577541,51.25935356,47.82024544,10.8078837
20,2595.492033,103.4200048,63.01707405,50.47793437,26.55655586,108.7887501,55.57007732,53.14461576,33.32521018
21,-507.8969924,104.7429797,52.67317367,52.37229987,21.40555122,103.8934713,50.62685631,47.2205242,10.4543756
22,658.0405662,103.976445,51.29046092,45.36833608,24.6611175,106.4003781,53.27110307,50.51198669,26.05869123
23,648.2100311,90.858574,48.26596692,42.26474506,14.42840679,96.87005405,43.58562483,40.43348294,5.161348272
24,-1114.173901,102.1238467,49.14998715,48.1932287,19.43779514,101.8254841,48.50184669,45.25084382,9.157803447
25,-431.0943713,100.3952754,48.2691775,46.81712335,18.76612517,101.0448826,47.78254029,44.48896413,8.185176439
26,-751.2541125,96.89305864,56.87572599,54.74023424,27.82370218,110.1469756,56.87557265,53.38502756,14.95591464
27,-982.7278452,102.1988833,61.58069628,44.28049421,30.46602238,117.4172,64.08572573,59.40315059,16.23332445
28,-941.0109516,102.1145644,54.24768898,48.69453274,27.06104719,109.0409054,56.01155707,53.37434978,34.38457484
29,-3926.382086,91.54125328,42.51405732,36.22979101,15.87490442,98.02399526,44.92809721,41.4673095,6.152529768
30,3595.838946,94.0700357,45.09591521,41.21041235,16.85569402,99.12041444,45.82257736,42.93450293,11.73564809
31,-2115.222726,99.06771804,46.21266809,39.63994356,19.75454978,102.0383353,48.73845137,45.70428293,16.12580377
32,1662.837144,99.18230314,49.85293851,47.72558334,20.8432619,102.9007947,49.64652787,46.79300711,17.8284146
33,701.1394507,90.3998322,55.74619509,54.00071232,26.00071252,108.6225518,55.32061341,51.738678,12.92415025
34,-436.5815681,100.3456715,56.08623598,44.54958124,20.48051276,102.2030801,48.93920671,46.20783789,18.71031875
35,1120.201575,92.59168661,55.34974119,56.14344144,24.32327383,106.2610951,53.01318193,50.12876824,26.82457341
36,569.6056391,99.27654599,46.06144608,44.68791877,16.487061,98.9264401,45.63540751,42.56055769,6.551318258
37,3681.683084,95.22252425,57.69964505,57.02690992,25.86417316,107.0483722,54.51608166,52.03031329,32.26980138
38,1028.620388,104.2535562,50.40958445,37.67849353,28.76411738,115.4256696,71.5006071,70.05039568,19.20468667
39,2172.734177,92.29823559,41.02138607,36.02261953,13.58636554,95.75892581,42.50351136,39.66555326,7.931959628
40,850.4647484,97.83555331,54.29533782,53.81583686,23.87766645,106.5710504,53.26448109,49.88859232,11.73586315
41,4495.533435,101.9579451,49.69052103,43.33560772,23.04236142,104.8916819,52.10354179,49.17277152,22.6718556
42,1170.977203,101.1567538,55.08270652,48.83439132,28.1950517,110.961024,57.64316892,53.47530531,14.03375228
43,4429.82156,94.56705167,55.6950807,38.59312318,16.58276547,99.46748861,46.24351863,42.99385564,6.466359479
44,417.2019367,93.7418726,45.13242906,34.60340669,22.91598025,106.8654389,53.70428731,51.03173293,29.45495083
45,324.0763644,90.407251,40.9308342,38.8634921,11.58973569,93.82395037,40.57637498,37.32717565,4.968987795
46,2650.40273,92.25032683,41.10635767,34.35490667,15.02354202,97.24134267,43.9617689,41.04649089,10.04915277
47,1977.737362,97.54748792,59.3563029,51.40143809,33.07449292,115.9607333,63.15587646,61.20774277,23.81424605
48,-4147.024081,98.58711346,46.60521617,39.5368773,20.9917175,103.1697105,49.96460233,46.6047743,9.866446988
49,2209.684057,92.75894384,46.48447813,44.9437662,16.75192715,99.08269545,45.84990435,42.79225177,11.58889368
50,738.1990137,105.6010501,68.38449162,56.36864769,39.33162808,120.0679688,79.3113261,71.81371568,18.98624215
51,2831.5578,99.0300106,45.55027993,37.46596104,20.4270454,102.9067954,49.71781338,46.91227121,18.00605659
52,-2696.788026,92.40522706,47.02034948,46.36920544,16.05901988,98.56401698,45.29392294,41.80098139,5.815341594
53,-932.622764,103.8768322,53.41378705,51.99184133,23.47758792,106.2909846,52.98423751,49.6565384,11.28527028
54,375.7104701,99.34284182,47.74673755,38.19077059,24.22841409,107.4273254,54.1662346,51.2039521,27.82154723
55,-475.3453049,88.89535102,43.30529582,41.28431955,13.95420701,96.23076141,42.93807089,39.46707424,4.325623963
56,-271.7126305,109.4026445,60.32541845,48.90068115,24.21358366,106.8916841,53.84623678,50.35552331,11.84405671
57,1378.652548,94.92909387,42.94188512,33.59176987,19.30282641,102.4123007,49.21456751,46.10701629,17.21634797
58,5128.150507,93.54251319,41.42795506,35.71944133,14.38925383,96.67928588,43.44070617,40.53891218,8.682397491
59,-1917.565101,95.13056805,58.40104617,47.78729486,34.03214153,118.6749151,66.76222712,65.16278317,21.95053849
60,568.5863066,96.19438894,63.15744524,57.19177095,35.55910967,118.099019,64.92393411,63.24291629,22.58622901
61,-2741.592283,96.15031083,47.90946904,39.55437099,23.48217967,105.706768,52.85329659,49.40226171,11.06167048
62,1752.033422,94.1485833,47.7714804,40.38184799,22.40707455,104.7032367,51.39089612,47.94817145,11.50955755
63,2209.042725,88.94344695,49.53971609,49.2047856,19.29915418,101.7455089,48.45206003,45.29115628,8.609273457
64,-1940.763989,91.19496813,44.94826138,41.94198981,16.43465894,98.50916949,45.22163206,42.33163829,11.25505582
65,-1611.462877,101.3300782,48.55792035,45.16758477,20.0751072,102.2894202,49.0291124,46.23546837,16.77940786
66,-1221.756794,102.7180191,49.26383934,41.41991332,24.2287529,106.4692485,53.43845861,49.7825429,11.78639039
67,642.1541887,97.54114407,46.16069409,44.84438832,16.61941048,98.68361414,45.50474277,42.48784384,11.59665886
68,1172.652782,100.4521697,49.05087973,43.16849866,22.03646789,104.033238,51.11390613,48.42862007,20.11104371
69,562.5239025,93.85143008,43.71240002,44.0533567,12.62680438,94.89882225,41.61338306,38.47288344,3.490720757
70,2407.047651,96.56608613,44.56218835,45.32136081,14.13064814,96.21698222,42.93960858,40.02696698,8.320858994
71,1996.079256,94.25879113,56.19287362,43.71855489,19.59910281,102.2009508,48.93841205,45.56452953,9.249610132
72,-342.5681639,96.53198439,48.95780561,48.56140594,17.53946728,99.85726156,46.57630807,43.33525227,7.637341788
73,-3644.97008,101.1818203,50.66449175,49.26063373,20.81053183,103.18566,50.12618388,46.72594719,9.582416232
74,881.8017154,91.26382558,48.12032733,44.58873842,15.13858069,97.28686201,44.00885612,41.27303325,9.817288641
75,-300.9751164,98.57961872,54.52546262,52.90132509,25.05380967,107.1891269,54.1721095,50.64331753,13.10297069
76,-1774.941703,95.09948339,52.28498485,50.40479598,19.78588492,101.7306786,48.47611532,45.79188154,16.47999795
77,-2696.967637,93.00140654,53.65835542,40.77707103,17.03806378,99.28740012,46.00579382,43.01642009,11.85924209
78,-3539.477175,92.50324019,39.52105429,35.93468218,11.12613047,93.2935894,40.07640408,36.71190948,2.068857442
79,2220.316125,99.19830329,46.8176375,41.97582536,19.18658519,101.447059,48.18481842,45.29738755,15.49219311
80,-2098.373756,105.001769,52.23648821,50.25553641,20.1857248,102.0590504,48.97112182,46.11100182,17.93401534
81,-190.8787716,105.3006022,51.94908902,43.40531771,27.09148058,109.995408,56.76550932,54.4442764,32.31229488
82,1151.164311,104.395402,52.1088346,49.32970899,23.36466324,105.473192,52.274825,49.58999468,23.69101433
83,376.4377697,108.0394759,58.53139763,45.86935619,45.14628181,123.0730153,82.76487543,68.23762424,18.63954158
84,1008.536884,93.48459421,47.82358271,35.96452178,26.52797852,111.6492221,61.36474624,58.67702414,31.42910948
85,3238.317955,96.10266023,50.37472141,50.25971952,19.31963181,101.8114821,48.55214304,45.16155985,8.592600279
86,-1094.773279,98.38918253,47.80207032,47.46422395,17.71888562,99.86930024,46.65225254,43.80063087,13.269248
87,-3549.982089,104.4935427,65.71247969,52.49942259,50.22646978,134.9232411,87.49209878,71.82791785,19.20707175
88,1293.636273,108.9530297,64.10153972,46.56630798,35.63089137,117.2103938,64.5786573,62.67750062,25.05929852
89,-775.8241603,114.4451703,59.02583615,39.85084994,26.7124013,109.3732001,56.1789464,53.79687624,35.2090127
90,-809.5450841,101.1219628,59.42972558,49.19904937,23.69808257,106.5330769,53.25152596,49.69040801,11.66891788
91,-894.5289823,108.3024572,71.81544677,50.35882953,29.26494467,112.9800746,59.70388241,55.8020824,15.50745213
92,6.6787875,107.388687,54.60421745,39.8323203,29.21809043,119.0737159,67.31016514,62.16173143,16.94400613
93,-2589.016286,95.14334398,49.9689863,39.0608309,29.37621252,113.2586992,60.29749691,55.96801077,14.1577633
94,2320.036869,114.5274759,63.47798022,46.63163916,24.23507255,107.0925743,53.97975512,50.46829047,12.59258108
95,2313.170365,97.60504504,49.02835432,48.59960257,16.94019684,98.84175959,45.58628042,42.71822648,11.89052675
96,-1538.353315,98.80058424,55.07300814,54.67378672,25.6861899,107.289544,54.25335935,51.865234,32.99907864
97,-432.8281715,89.90809802,39.52618631,34.51417891,12.06180725,94.30703033,41.00653735,37.66794988,2.996216478
98,-3834.172503,100.2000407,48.00425965,47.7053841,17.83620703,99.98236382,46.74202452,43.82118534,13.29067842
99,-2232.527634,99.99601382,46.86300179,45.65424015,16.89091163,99.21247003,45.98459411,42.6294863,6.530030701
100,1744.260529,90.72607038,43.80173793,43.37478433,12.87222171,95.11890117,41.84279976,38.45299338,3.543105501
101,-1226.160591,97.81575134,49.40925029,38.014742,30.21511524,114.7997528,61.83051112,56.94082692,14.53202675
102,-16.40033181,91.0084923,43.7999378,37.0449473,17.60375284,99.92841599,46.6707008,43.80312074,13.6052987
103,915.7834325,93.85328921,49.2090076,49.94206717,19.17747611,101.1136162,47.82152352,45.02934979,15.18557348
104,39.15709419,99.07403598,48.72488538,44.05329526,20.99242655,103.0737055,49.91617634,47.04884184,18.83435384
105,-579.6998916,116.2897888,63.42266799,49.79829796,27.02713904,108.6282599,55.39472849,52.85062826,34.85291222
106,7701.027963,92.20727432,39.90956698,32.49620343,14.24386211,96.58089626,43.44699657,40.54876467,8.715254955
107,381.6676858,96.63161268,49.33499463,47.07671137,19.96459314,102.3885331,49.13111546,45.62290119,8.729990491
108,-255.686975,103.0404913,68.82949801,44.16703773,26.22251398,110.3023341,57.00633021,53.32684091,13.66241512
109,-4362.092522,93.73044735,45.31197203,36.67001763,20.93486073,103.4869476,50.47187605,46.73088809,9.536716751
110,2556.407924,99.55330706,53.60201962,44.34966761,18.51100583,100.9201043,47.64012529,44.42113395,8.717568717
111,-2604.143292,93.37905515,42.60030139,41.11899464,13.43264693,95.465354,42.20187238,39.38898342,7.526018374
112,2477.538105,95.66026486,45.52249972,37.03129578,20.7040882,103.2126988,50.20335241,47.35441329,17.90512136
113,-2127.31062,109.4067904,73.76731754,47.60351364,29.20709571,112.6621045,59.67136754,55.67057191,15.62626209
114,-396.5668193,107.592627,59.79490522,60.64757918,27.81884698,110.1126249,56.91843794,54.41489866,35.20831074
115,-1148.565643,99.88650431,62.26975534,57.69643171,34.41142177,115.56678,63.85923242,59.32638012,17.27997204
116,3055.78191,91.90108231,46.4925221,38.86502375,20.97643073,103.3293466,50.10195449,47.28690148,18.93457737
117,-3318.934882,94.01937971,42.10484013,38.29774352,13.92754807,96.1842009,42.9072523,39.89686696,4.7786283
118,827.2189711,99.32293179,47.71255182,44.05776954,19.30772223,101.6641964,48.35547717,44.9489802,8.873547429
119,1086.895621,99.24535821,50.19461038,48.57176958,21.1580674,103.0531904,49.81392565,47.07024802,18.92933165
120,-1924.658001,97.96549675,45.0183247,41.50421262,12.19657718,94.56797157,41.27584299,37.85419586,3.001123432
121,-3396.505638,101.625908,50.70419027,45.32090169,23.55658184,105.8330546,52.59118185,48.9530152,11.42304529
122,4094.851947,104.0160715,64.98335251,40.52031462,21.07124731,104.0172463,50.78380329,47.48682128,11.01255711
123,-762.6442073,98.98185158,50.8415809,49.092198,21.58212731,103.7184334,50.49133419,47.68974321,18.81736102
124,1478.592769,108.4888401,55.40419713,43.77290768,32.30076503,120.3665301,67.21328552,65.14426018,23.78994951
125,-1070.49914,92.60205477,43.33527112,42.58741669,12.73129705,95.15008426,41.92794287,38.72737221,3.152215358
126,3483.371201,100.8575004,48.45630255,39.51005905,23.90527596,106.4276581,53.86631591,51.16473557,25.5566959
127,2062.325841,98.62766118,45.28860242,39.35773234,18.3352643,100.6668972,47.44636669,44.57175725,14.30412654
128,-2720.669672,99.31628395,46.53470111,36.30048821,24.57001749,107.727805,54.84262166,50.94715245,12.10018896
129,2514.250372,91.25466194,39.01177514,38.60497173,9.330238349,91.4573062,38.18223838,35.35467108,2.831072642
130,1921.452824,99.60615574,50.88134663,50.60749853,19.25734397,101.6365415,48.37007664,45.06193856,8.975316109
131,507.2641758,101.2313764,49.80663134,49.39713993,19.35053124,101.7637112,48.53753956,45.2026004,8.73142002
132,-1829.340281,97.80634095,73.6716929,48.42922145,28.65054107,112.4523254,59.74879168,55.6938032,14.22081086
133,76.06837659,100.1141852,47.34494067,43.55352793,19.0826158,101.400427,48.11364722,44.72106493,8.41695695
134,-2988.243687,106.2630972,54.5571061,43.78517652,34.15797616,114.4439795,64.53576795,59.64959387,16.72372268
135,790.1682775,97.37052253,44.74944651,41.44883596,16.33040643,98.42748626,45.17831576,42.29516275,10.98140664
136,1536.196961,102.4051957,69.76068597,51.02526475,34.8136084,116.8819058,69.07069599,63.15238001,18.13516133
137,1287.945084,101.1712412,65.26251583,43.49567823,27.35011141,111.6348229,58.3423952,54.6139364,14.4617363
138,-2296.320185,106.964174,55.06062737,50.65047904,26.6569387,108.2912773,56.15125394,52.34738165,13.99248696
139,-1526.82496,106.2186342,54.70516489,44.96142291,19.33052557,101.9124675,48.6043369,45.05331744,8.832863705
140,459.2097928,94.62308478,55.64342766,42.4471401,32.17238428,131.2858759,86.31981866,71.68658117,18.86315625
141,1390.277084,97.78421673,54.85568244,47.48576343,28.84162456,109.9937383,58.20096812,55.85739246,30.90826532
142,-3350.885178,102.9670483,65.98007714,43.63842415,26.92293095,110.8705932,58.1103752,54.28686888,13.88968212
143,2951.251221,94.22866827,44.03229492,36.2916494,18.80478011,100.9786352,47.84731948,44.78739022,15.51903442
144,-2436.938677,98.0868156,64.7455545,58.94524358,35.87756988,117.9948417,66.27391268,64.3385461,23.46966366
145,-622.5159676,105.2843191,52.71817446,42.62131786,29.51745863,111.7018182,60.12666469,57.75584416,27.78154964
146,-2642.505257,94.83390169,48.73617016,43.38669535,21.50165593,103.6820201,50.41932636,47.72129535,19.6519021
147,4682.630726,99.23007305,49.89980234,50.81939107,19.54843719,101.4221305,48.23505822,45.4877049,16.90312888
148,388.6035117,101.8035162,48.56041057,40.52328552,23.38154259,105.729095,52.59405956,49.6492373,22.83498268
149,-3364.15384,92.52473793,40.91130936,33.54826786,15.1770982,97.7033649,44.47580399,41.05205056,5.355052076
150,3100.029171,89.66163049,44.56778645,43.31116787,14.85152503,97.18942567,43.89845701,40.58308003,5.559736873
151,451.9213153,89.40692645,47.55068476,47.13421168,17.33341855,99.74854599,46.48730537,43.34866403,7.34283177
152,1136.592968,99.23508519,64.54983888,45.30934563,32.34890356,112.8432668,61.17093788,59.02740429,28.55296472
153,1192.145667,88.07048154,70.21388506,44.94572503,25.27115904,108.4096346,55.11882363,51.50625279,13.29173077
154,-2880.917712,98.98677944,55.53245266,49.72199655,28.27482446,110.92294,57.71070645,53.67292601,14.0744899
155,380.9747745,96.61185163,43.53601968,43.6547858,13.2289902,95.4453006,42.16234853,39.15947651,7.173355359
156,-1433.246492,101.5466607,48.18665736,38.03779883,25.32712459,108.7968277,56.05066971,53.25404755,33.10475161
157,2133.291213,95.16634639,41.73791508,34.40883202,16.00932613,98.27560939,45.17785788,42.29873112,10.77729838
158,-2115.168191,91.29258509,42.8572606,41.14408684,13.44651897,95.6678043,42.38068082,38.96573977,4.190118352
159,-488.5816709,98.49782469,47.51870705,41.82547299,20.50025059,102.6930195,49.42034379,46.51910812,17.87774935
160,991.6237517,100.53202,52.65292112,48.93690953,24.69280915,106.4978941,53.2350525,50.52897703,27.22572353
161,-37.4464547,96.12991239,47.27457816,42.02692107,19.99834854,102.3606312,49.08379907,45.81874482,9.11935089
162,998.8725086,104.7880152,74.08940576,54.49621118,33.63021722,115.8655832,62.65848613,60.46640988,26.80981968
163,-223.7303318,94.00549945,47.29398626,43.48405761,19.29867167,101.3634726,48.04208417,44.74381168,9.387653026
164,-155.7494215,102.4588243,51.19249046,37.07191374,31.84563686,119.8705201,67.34620411,66.11987225,20.37142337
165,-430.5481856,103.4073353,59.73050049,44.86087431,22.2938477,104.3392645,51.07432812,48.36321324,21.50969279
166,27.64626657,100.8538912,48.16781257,38.69879377,25.12817055,108.0932285,54.79023281,51.09260897,12.71631011
167,-2634.090791,98.06461211,82.47238921,58.25747258,37.82867679,127.219548,73.76915523,66.26485434,18.72225482
168,-1085.610887,96.90672292,76.15010189,54.98208365,36.24439149,124.4999037,71.69106763,65.3581364,18.53660798
169,-343.7778123,93.64753123,62.74708009,43.7111422,22.22452016,105.0501245,51.7413698,48.25811671,11.45628105
170,405.7300323,98.39909779,45.57151548,43.87851099,16.14901097,98.43653989,45.17381003,42.23740279,10.67130934
171,2305.016614,99.35271144,60.14580444,43.20660869,29.4876284,116.9931222,63.62668156,59.0930587,15.40990217
172,-2209.193328,95.62239751,42.71066357,41.40070292,13.11587258,95.30457265,42.07196581,38.75757547,3.774082587
173,-6167.261464,93.23684291,54.439612,50.28388399,21.33365779,103.7833423,50.56562521,47.20552518,10.14854445
174,1222.588619,92.49218523,48.14220679,49.55851485,17.66553603,99.53156237,46.24563533,43.34951404,13.15413227
175,984.2432534,96.60435715,58.35251279,51.51983922,24.54924871,106.2892631,53.01532392,50.40624762,25.82506334
176,-2968.20544,98.48263757,62.72020914,60.42980524,30.40749581,111.918026,58.70768678,56.43213408,26.86356715
177,738.4293258,110.7117521,56.72440221,39.28890761,26.23797286,111.5723502,58.59030068,54.72058551,14.02855195
178,421.6599237,103.376139,50.03701894,42.34986712,24.20998416,106.8936836,53.7624654,50.96086018,26.39411799
179,-1981.70326,106.2896776,66.24527067,62.06789582,32.32373755,115.7502121,62.61453821,58.09977478,16.64412229
180,54.84040029,104.8137551,67.96870013,49.41438721,28.64286246,110.4616231,57.23542493,54.59266429,34.50966393
181,4036.78537,100.900151,52.31885702,42.84000004,28.46986351,110.8932756,58.49405443,56.10706094,30.46530352
182,1946.743047,94.36338719,43.96144906,38.14461244,16.91935163,99.3428988,46.09864683,43.28225373,12.45291321
183,62.41503278,102.1616281,53.15946752,52.65086732,22.95894728,105.496568,52.21810301,48.82198604,11.20881526
184,2062.796,95.68324576,55.20075141,44.69858005,19.88847884,101.6970089,48.39865461,45.6527317,16.45170539
185,-1964.418728,96.42384397,46.6535642,47.57917903,15.48294881,97.78570707,44.48434454,41.30662173,5.964063119
186,-781.9761326,94.70638556,46.72336213,46.50339662,16.50756927,98.6689195,45.4304255,42.53144602,11.80512345
187,1498.225707,101.4775784,49.93079365,39.29208741,29.17797519,110.5585201,59.0921713,54.86367424,15.22952014
188,-0.1898824072,107.0828815,55.6038104,42.03492435,39.98895606,120.9854568,78.32162381,72.32439739,20.39810046
189,2469.73635,104.9589763,51.06155916,37.90807717,28.93520638,126.1300009,81.00879855,73.6736087,20.31400171
190,-1120.027854,105.3246251,53.85918207,49.39911829,25.73340934,108.320483,54.98253465,51.23992799,13.39154294
191,3198.452378,98.11936215,55.26095906,42.37906389,32.18590962,116.7594815,75.50809968,73.75131313,21.57877973
192,2923.825139,113.2503779,61.62454046,45.68080785,37.58310221,119.9430085,66.81831488,65.37307819,23.0450199
193,-3180.226056,93.70879595,52.19528766,38.7008383,34.73693906,117.8163871,77.52096163,71.64471181,19.36187212
194,-391.6567555,102.7140658,49.79629812,45.32068185,21.87432155,104.0435218,51.02935825,47.59817682,10.31932402
195,1651.933591,100.4678096,47.52223565,40.21610784,21.87061895,104.0664723,50.78165962,48.0099516,21.93202561
196,-1812.220489,97.90425077,46.21842643,46.63668782,15.82344076,98.0191699,44.71479897,41.46204442,6.470677473
197,-2900.750105,95.12559825,42.9380836,42.88675341,12.71174252,94.93134757,41.67578806,38.52973885,3.448001147
198,1842.455261,96.91039608,45.24721648,37.73547519,19.73534999,102.295836,49.01526734,45.58441034,8.847191275
199,713.9159517,90.84318087,41.85170842,39.19566071,13.11255194,95.25102912,41.93150379,38.67061926,4.266338768
200,-2955.244437,98.09377568,44.88162222,32.50171549,26.30611016,115.0821638,63.02160792,57.77325883,15.88643895
201,827.4284505,104.6216492,61.2824426,51.21701477,25.45089908,108.1478231,55.06700983,51.49314474,13.33965088
202,-1892.361578,104.6841073,65.81191712,68.46273296,35.26908619,116.8203244,63.74519965,61.92861893,24.56928835
203,981.059075,94.80953113,59.99894692,45.30342792,42.12630768,118.9482791,70.87151516,69.2708136,21.75714893
204,1440.889758,92.48380725,45.35514347,44.70161513,14.26473775,96.74982471,43.50532777,40.21542469,4.539262712
205,1642.299801,99.59788995,63.98061067,64.62821476,34.70057268,115.8215781,62.86684362,61.46243969,23.52489909
206,575.8118499,98.06729789,44.72177025,40.04953962,17.20701008,99.17923919,45.90799375,42.94251603,12.48547988
207,4853.38494,101.4137371,48.58144975,40.93293823,23.52505661,105.5899919,52.38689676,48.7315015,12.08811219
208,-105.8538335,105.6907035,63.59828606,55.78870407,38.50731045,120.8267105,68.22338346,62.73768363,18.99855616
209,-754.7289831,98.13921024,58.20924565,43.45985519,39.61325983,117.5783319,68.78749649,67.06814599,19.4502577
210,-30.13289958,98.88988874,45.94386766,45.2616867,16.01223818,98.18405526,44.9518426,42.00765912,11.03771307
211,-1163.966332,88.52382252,42.09607424,39.5679911,13.31084394,95.44291787,42.12321712,38.89533744,4.485313821
212,-3161.300112,94.3060797,43.5431563,38.25841156,16.10681376,98.54325508,45.32748446,42.08208739,6.035616412
213,2733.266078,97.65911046,44.58258109,37.22876313,19.0184085,101.2935614,48.03068272,45.02246603,16.23638635
214,4.885089657,96.77392038,46.2284995,46.11549458,15.37437107,97.84854533,44.58097188,41.44876094,5.528821799
215,-2054.862455,105.5966038,56.91590474,42.20147151,37.06852799,120.0893446,68.13175865,66.80010793,21.94376494
216,-757.9082349,101.6302325,59.02109837,43.40150025,30.72381946,120.926499,67.48950199,62.1208925,16.08068648
217,1655.44038,99.8771827,51.18933431,43.72443821,25.48919516,108.3565033,55.07831749,51.31667917,11.89925322
218,4333.880682,91.93990018,49.43335172,37.91019905,27.81663465,113.5188323,61.1404545,58.8965727,25.91078906
219,751.2394438,98.58873841,52.38974659,41.10730683,30.10868388,116.0346812,63.19610235,61.22696568,22.89063396
220,1933.643444,95.64829956,47.12497072,45.45263221,17.78860552,99.97841147,46.79467948,44.0159784,13.11651803
221,-442.2516391,96.30280562,46.31533346,44.99171883,16.90828339,99.04950342,45.77050731,42.90115982,12.17564885
222,1447.590607,95.11015102,58.89999434,37.7515046,22.90239164,105.5459175,52.31468561,49.83563686,23.42588821
223,-1263.167873,107.4789445,57.12073029,42.45346631,19.43857139,102.2579809,49.00302131,45.68947266,8.804564196
224,1150.827452,94.52961332,41.45202564,37.24776648,13.5447492,95.72668477,42.4798543,39.59940006,7.843841376
225,1773.774763,98.6995914,45.85396942,42.75043212,13.61160802,95.86552755,42.64652275,39.16314246,7.371683833
226,3732.392067,96.98751035,47.17046819,39.03742915,22.31208974,104.9101806,51.65440144,48.14072174,10.7772573
227,-2255.785641,108.0800566,67.92392207,45.19495315,29.75251352,111.3683611,58.26737236,56.11995119,28.44126775
228,1853.309359,94.28043395,47.67867808,47.37726115,17.1292834,99.5147559,46.23859498,42.89806087,6.959116288
229,-1114.461154,98.8108465,51.81806709,36.84181134,29.42452798,114.860689,61.70284523,59.42511108,27.07248279
230,-816.7796763,94.4132558,43.83290973,38.37776778,16.77835308,98.90857094,45.62352414,42.43469675,7.288183121
231,72.27231737,96.72588582,43.95672802,40.83253423,15.2167851,97.55786711,44.30037865,40.91945415,5.369644245
232,-705.6248942,91.65497773,50.99951597,50.8958967,20.68395328,102.6637284,49.41954712,46.46405092,17.82450965
233,2558.054446,98.20865328,54.78692835,42.80067339,18.45366169,101.1560238,47.88595194,44.5703902,8.101210946
234,4159.188316,95.98058048,44.97917544,40.25201466,17.29066229,99.49106112,46.27774697,43.20309803,12.67437281
235,3753.80871,93.78630255,40.78706649,34.69533658,13.96915419,96.36011034,43.1034008,39.92107359,8.175310782
236,36.58576823,111.9615819,65.64497327,57.55698229,37.82800561,120.2012824,69.16914965,67.87382596,22.47878467
237,1409.36097,99.96120322,52.24653605,49.28023654,23.59251841,105.9005446,52.61921712,49.25782768,11.99002456
238,-551.8664025,90.84712389,41.34355305,36.91414014,13.50091579,95.67410395,42.42608436,39.29075426,7.523825893
239,-126.3302963,91.45582065,42.40899659,41.85315682,10.70031484,93.0791871,39.80744909,36.64376309,1.620477467
240,823.3418055,95.63116179,44.56772742,40.62418597,16.45666133,98.54504787,45.35155653,42.3713288,11.25235358
241,585.9504856,93.32318189,65.00760467,47.95009684,26.47984992,108.3239245,55.11790508,52.7051928,33.74874663
242,-257.770778,106.5874677,71.79307026,49.0543387,31.51934528,116.9254835,63.55235084,58.93544188,16.26747001
243,2916.636078,97.04524324,45.05703351,38.1906568,19.06522222,101.1493667,48.1201445,44.78310473,8.76643419
244,-787.0664844,98.88120138,47.65499066,37.59104096,25.43959468,108.5229457,55.48982556,51.559796,12.53771352
245,-1864.229227,92.74267284,72.47650178,51.68176707,31.24796107,110.8245772,60.07161286,57.92896166,29.87069065
246,1088.477362,95.13922119,59.90815098,45.58835369,34.05052904,126.9665766,76.66986442,67.73012613,19.61701065
247,2413.367893,98.37084288,60.696946,43.10054587,29.55382277,115.3045676,62.31609714,58.00321801,16.61388171
248,2104.190483,99.11670882,60.54358612,48.29507367,23.94107377,106.7982345,53.5263588,49.95989978,12.33329734
249,2228.156144,98.75190069,46.62441618,41.37497624,19.30944963,101.4277123,48.25388424,45.33351252,15.71025656
250,291.1053879,97.38605634,49.95160194,47.96162605,20.46932774,103.0745169,49.77013277,46.49168555,9.455588308
251,593.5188187,113.5595683,63.89088492,53.33816292,38.43769012,119.3082039,71.43372122,69.74048164,19.7305461
252,551.6030597,91.8796594,38.61128767,33.14253204,11.49030705,93.7280008,40.47138891,37.53748512,5.512136233
253,-1213.742875,99.374611,71.20201065,47.10675194,29.97632808,111.7085316,58.53693469,56.48849119,32.95308226
254,-4312.048747,96.06367968,43.1356819,40.53838014,14.26902501,96.51329575,43.2147184,39.97101897,5.022410645
255,2161.881823,106.9566363,54.96813276,42.98714474,32.31617701,116.9632448,68.79118919,67.69499786,22.16958473
256,-1478.033236,106.8967093,58.77023851,54.73768161,30.51196148,112.6882591,59.48581849,57.28303584,27.12792442
257,3941.27561,104.5303909,57.9159788,54.89659319,25.14133377,107.2475947,54.06009587,51.31795669,26.42431245
258,1731.394664,95.92918148,42.77300051,36.6719585,16.02966881,98.41617851,45.19733108,42.47162913,11.42071757
259,1884.05809,99.34579244,47.10239832,38.87161868,22.15293077,104.5000524,51.50192421,48.76347172,20.84280272
260,-341.8232128,108.1832947,59.60999496,49.794976,24.30075429,106.4087449,53.28129375,50.76668658,24.36517482
261,-796.0807794,104.3415178,50.86913152,42.27406642,26.23944066,108.5717082,55.76638193,53.27534841,34.4976465
262,-1167.881864,103.8760388,50.67740929,47.24340227,22.39769536,104.4886906,51.20545924,48.7402114,21.81391785
263,73.93629772,104.3362596,51.65242416,52.6527495,20.58101569,103.1416109,49.82122971,46.60250301,9.932864432
264,140.0876946,91.30408454,54.57101357,43.39139988,19.11630384,101.1592507,47.95745268,44.75839374,15.41937433
265,488.4209879,104.7467939,59.68897154,55.11061628,31.8074149,113.7851306,60.63792826,58.3638509,25.87026973
266,1465.000138,93.61726557,56.83342293,54.32892715,24.35235181,106.7382137,53.62130409,49.97410199,11.89534394
267,-1046.690927,105.594123,51.90583717,40.61147794,29.68850251,115.3127023,62.83832987,60.95908393,23.41317244
268,-820.6531792,92.50001863,44.21337881,44.49438326,13.40348396,95.64454508,42.3571997,38.95859755,4.264008177
269,841.8948335,97.74342753,44.74698771,34.75950026,21.91454841,105.2131748,51.92961755,49.02600606,23.26151672
270,209.2439724,98.06916635,52.86937064,52.16104448,20.91611496,103.3949045,50.09078769,46.69074317,10.00646847
271,2416.751342,109.9276412,57.99790176,44.22109746,43.78763654,115.4671748,76.87989594,72.35102585,20.63051864
272,-1792.158921,93.15642241,61.766614,58.37132966,33.71210113,116.0328631,62.76707429,58.76712739,18.37921349
273,1303.560411,110.6548648,68.063167,43.28745741,26.27230742,107.9575342,54.82190699,52.37005061,32.31415381
274,-1093.626503,103.1067,53.18293029,44.78346297,28.43050064,110.617748,57.74168564,55.62526529,28.14964093
275,2713.263015,112.0411434,61.06563798,41.43045643,28.14681396,110.3411767,57.25961864,55.13567434,34.90486675
276,-1628.990146,96.88950323,50.53455015,46.7932692,21.85248888,104.4987146,51.22367334,47.60256241,10.04927057
277,-1145.546414,102.7559878,79.19121071,55.7923253,36.52859111,118.5322672,65.46107015,63.19078399,24.10459903
278,2286.216104,99.92693466,65.29183848,52.41457207,49.64793822,138.0478448,94.23860488,71.84617503,19.79465567
279,11.64417599,94.25289029,40.85260426,34.46847425,14.21981072,96.6367187,43.34711838,40.3971544,8.565145192
280,-1569.932333,96.10217997,46.63274587,46.67971455,16.43282901,98.5653898,45.32605385,42.52287862,11.84663469
281,-3729.747018,107.2864003,54.08866564,49.59742057,26.39007988,108.3056123,55.14625218,52.71770758,32.76887131
282,-4400.193941,96.71347113,57.4982879,50.03933579,23.36578471,105.0942336,51.93009561,49.58282178,24.77825706
283,-2929.150222,88.80103677,39.68084821,36.83127409,10.78977982,93.06463238,39.8390447,36.49629499,1.562371333
284,-3353.527923,110.4537995,64.80242152,64.17627072,34.80223012,116.0844833,63.84039481,61.98069661,25.24743758
285,-350.6890871,95.60782619,54.06137873,51.83554428,24.79773597,107.0329549,53.96250793,50.27834908,12.09426705
286,3835.257751,96.21068842,44.34068133,43.5901176,14.10789294,96.52101082,43.22915054,39.8064162,4.390999856
287,276.0247721,99.9177672,48.84188249,37.27953664,27.02680407,113.5299554,60.4658151,58.14101838,28.02269185
288,-1064.770665,97.22096739,53.2160371,48.71565014,25.22196981,107.5823864,54.39503577,50.81675261,12.70441039
289,3266.885615,102.8192984,50.77915364,40.74749659,28.82341675,111.5296001,58.44620141,54.50237383,15.02979929
290,1728.872454,99.33312726,50.67265375,40.61346046,27.31170047,111.2185221,58.07256667,55.52398765,32.8366652
291,-1796.492128,98.03373992,54.14193403,55.79194599,23.52919488,105.4200887,52.21298207,49.56111723,22.82155237
292,-2394.507812,116.7516814,65.17480556,41.67455452,25.79097739,106.6291405,54.34727814,51.70731231,32.89583075
293,-76.11065208,95.61218026,46.37987103,46.44883901,14.93637449,97.3693435,44.08352829,40.96246696,5.327976502
294,2934.417599,98.45264626,50.31577798,49.82782767,19.88746656,101.9259117,48.71587536,45.70338826,16.8467598
295,-51.44419895,107.2981417,62.09699196,45.45829596,31.85789862,117.1778791,66.8012636,61.72585773,17.011199
296,1472.940585,94.10904538,69.8371901,45.10512827,27.32639379,111.3098007,57.99316496,53.99762136,15.1679368
297,-1870.528258,91.84123353,47.05482979,45.167054,17.5265011,99.95830673,46.72441436,43.40882603,7.063948834
298,-557.5690552,94.63336618,56.38761295,53.40236612,23.58408204,105.3358877,52.13767966,49.6817405,23.61172641
299,2026.61042,95.86800604,42.61753599,38.11930411,14.86462627,96.99090383,43.77295637,40.82121817,9.310884097
300,2864.110952,103.8347979,55.87525365,42.79298285,32.43695569,126.0479266,80.64552751,74.10494582,21.70713603
301,266.0813948,96.59065908,46.80426326,38.13988064,22.68607447,104.8842261,51.92445597,48.39566688,11.39732764
302,3823.449378,94.56376533,42.73418693,42.23980956,12.02023998,94.3109905,41.08467272,37.91900278,5.638822653
303,271.0999518,100.8465592,49.49309654,46.32353479,20.91620655,103.0290896,49.79760629,46.76702482,18.9056374
304,-1249.11046,105.5190684,76.35312375,54.10485371,32.35201562,116.587085,63.7000669,58.90393766,16.42748878
305,-7007.426222,94.40737464,41.19273061,38.22258568,12.48038253,94.76165542,41.54231715,38.44521218,3.220131089
306,1727.216247,92.74883317,54.60849583,41.55787878,17.86306192,100.1195231,46.83042179,43.97475087,13.1718712
307,1212.27172,89.19954841,66.37379505,59.71350134,37.52943392,115.9827718,69.34214862,63.32137715,18.29810957
308,-1036.223525,102.8088657,50.16436454,42.7341844,24.53859117,107.062443,53.82710001,50.15242529,11.96141204
309,-361.2127339,91.41019977,44.21513145,37.96423825,17.56303694,99.77016982,46.4858186,43.42650737,12.28337499
310,1202.193968,96.31361422,43.2154754,42.48235543,13.29718354,95.41744546,42.17648919,39.01670698,7.077054618
311,-56.27420794,93.56192775,43.02474166,40.81827824,14.10410827,96.21688918,42.90068793,39.6558502,5.093992266
312,1534.685545,92.16335191,40.31145926,35.03577176,13.01339649,95.18012594,41.92337199,38.85159553,6.887158932
313,-3377.188935,99.51781546,48.86578617,40.97126394,24.07870277,106.0914563,52.96374024,49.22735581,12.54867299
314,3191.117155,95.63440603,53.07932072,42.69296078,30.36025623,113.1427111,61.09450643,58.99963946,27.79522019
315,1483.810888,91.69330517,45.28711558,42.6861472,16.51293712,98.62121911,45.38046551,42.15771656,6.956726946
316,-1834.743004,92.1606097,49.93723257,48.77778905,20.1299943,102.3344628,49.09805527,46.12078284,17.02689472
317,1337.662979,97.30684557,44.43029703,38.47010542,17.58730844,99.95850626,46.71222933,43.26851161,7.186833948
318,-4126.079685,93.93392547,53.14025587,49.1035103,24.83736392,107.3568135,54.09430375,50.40340106,12.21834281
319,-1824.188713,87.09580981,38.08617292,35.81105094,9.070520045,91.33085816,38.02663918,34.9391945,0.5852448944
320,-614.1995597,97.69697594,46.7507796,46.31155322,14.96313274,97.37620874,44.07280455,40.76653986,5.416777599
321,260.9752521,102.0609013,57.99057781,41.35007514,19.65730907,101.7735973,48.5282923,45.61680189,16.4848726
322,2756.088123,97.49299021,51.08369649,38.97597038,29.28634462,113.2727777,65.94678823,64.21291002,22.90273509
323,567.3135328,103.5768407,55.35383518,53.72570245,23.29971111,105.0106704,51.85454278,49.13014456,23.04892077
324,860.9422914,101.5765621,53.32997406,54.14044162,23.17443944,105.1620307,51.87784626,49.14521035,22.75723949
325,3377.541997,92.64892695,47.5911752,47.77152527,16.34356292,98.66251507,45.35339352,42.00588311,6.531475218
326,1498.709197,96.14436287,44.19389649,38.26809883,17.52346494,99.55426754,46.2984795,43.15931157,13.4989091
327,-813.0130219,99.52883265,50.1197218,51.61701906,19.20991971,101.2771487,47.98758728,45.21432374,15.39291207
328,-256.7535247,104.5030605,64.1325021,42.46498543,21.92371295,104.9346933,51.67986815,48.03820675,10.87828565
329,-1528.733854,98.29341897,47.43083846,38.77429334,23.35432,105.9176227,52.60578588,48.93000944,11.52336908
330,2800.303157,109.123722,57.57187495,58.37447275,27.27910356,108.4408578,56.13393066,53.56716657,30.67649054
331,1671.591409,104.0186372,66.0545158,63.83653369,33.40208285,117.0817231,64.4736855,59.5156491,16.43599118
332,-504.4567793,100.5397059,76.70855478,52.67115371,36.11410523,116.482847,64.19691835,62.42860791,23.39190486
333,-623.2512568,94.99070674,52.23446018,46.15429921,26.04110314,107.5860148,54.40827221,51.90452196,31.81695436
334,-3714.743033,95.94656586,45.91960917,45.05049743,15.49930308,97.84444419,44.63244621,41.50917542,10.06526736
335,1294.956812,101.4526785,53.32274257,45.93272746,27.87493624,110.2931186,56.96392102,53.09999199,14.38088161
336,812.7583129,89.37717809,39.82351542,34.90073084,12.24242512,94.47311018,41.21912866,38.12485068,5.859826278
337,-980.5433085,95.66708175,55.24045917,51.05907491,21.97770098,104.5309984,51.2385197,47.88601096,10.95926623
338,43.32082988,93.86354084,46.24873562,42.26242728,18.18685469,100.3485762,47.03100445,43.63049462,8.202797057
339,1600.07939,98.64265337,48.05589621,45.66032023,19.13502532,101.2204518,48.02027298,45.2206601,14.6904983
340,1306.576121,95.79701932,43.8467349,40.4595193,15.2096977,97.60691624,44.31461895,40.93426502,5.475370257
341,-2574.739112,99.77363894,48.5801297,47.48949148,19.01720342,101.0662478,47.79100977,44.73084066,15.02134625
342,839.6704852,98.17005085,45.44224758,38.50072881,19.20983035,101.7170572,48.47974817,45.56803518,15.51052001
343,-3236.298996,96.90630749,56.88466094,49.32501111,22.94786665,104.3509784,51.34928772,48.55152477,22.72204456
344,-1916.961275,104.8224919,56.23525743,45.62676768,34.65757575,115.8045709,65.80920684,60.21449318,16.51368898
345,5780.756004,97.06446237,48.65789107,40.69249494,23.4216082,105.6825126,52.66243496,49.74003735,23.14577009
346,2606.78102,101.4636858,48.24551484,42.57143886,21.12016235,103.3161012,50.12431308,47.23389872,18.2687307
347,-1481.939742,91.70738574,44.7603977,40.71789355,16.69517666,98.84712674,45.55817529,42.57121277,11.52200998
348,-778.3809554,107.8105738,54.94219701,46.82939718,30.10545123,112.1236231,59.44921589,55.35260258,15.23963181
349,-1005.578948,96.96463361,54.67468762,49.4978888,27.14619273,109.2956779,56.13612761,53.66260066,34.17257504
350,-3156.52025,101.1548784,48.54325779,38.46043779,27.01511672,109.6528339,56.44784083,52.76967967,14.29811605
351,-3108.201891,96.55822948,51.2958904,48.11751278,22.53300369,104.9756872,51.69936596,48.19815307,10.69949561
352,-2305.572762,89.20113665,42.38963741,42.25821468,12.05606541,94.30592419,41.03398778,37.97441521,5.590051147
353,-1918.924762,102.0763034,58.45665011,42.76553124,34.54912664,116.8171507,64.95674057,63.29719477,30.25184891
354,248.4628781,104.8208669,71.14758486,47.0690128,26.69500966,110.1632915,56.92861945,53.16384155,14.47195585
355,-3175.804,94.62355164,41.64735605,38.81262071,12.98946345,95.13011854,41.83110345,38.55249931,3.813629499
356,-3729.082664,102.4019306,53.6751118,47.78326823,19.78670814,102.2204086,48.98046886,45.71859274,9.395698816
357,808.1617185,96.11954053,47.92306381,39.30552142,23.31043334,106.1797304,52.99053552,49.86426241,26.1530516
358,-3459.601868,103.5019203,60.18710741,49.05186025,35.30894041,122.7722962,69.63838026,67.95889299,21.86592396
359,459.5132408,92.07989797,51.48330267,45.13311456,24.70961138,107.3117359,53.98607869,50.27240334,12.44087562
360,1183.02071,98.88415025,46.96520244,43.0488881,18.94010827,100.9880487,47.7233954,44.85220726,15.09340211
361,-6929.547849,90.12184702,46.83419495,36.02667989,26.07692446,109.0623125,56.98574566,52.72233449,12.05576822
362,-2042.094881,93.11984093,46.75464145,39.08950665,21.2587444,103.756556,50.50459382,47.60561706,20.27899932
363,-2421.873549,95.29941083,46.96185098,44.25229782,18.23542446,100.4048975,47.10817916,43.72735969,8.302011155
364,2439.437445,104.4746803,51.60961557,43.10380386,26.77535272,109.4004103,56.28338741,53.67666795,34.76025382
365,-1846.918913,98.98170529,45.52369521,37.05125723,21.33097428,103.7517267,50.46887215,46.90424402,10.36832592
366,-1393.071408,97.30405496,44.30877179,42.23294426,15.00571085,97.45718466,44.1806824,41.05117987,5.327995232
367,3909.261813,95.7219075,43.75990781,33.98766996,20.82156934,103.864116,50.56316757,47.52205913,20.52054029
368,4307.623873,91.12855027,38.5358015,34.67128642,10.27890767,92.59239629,39.32943415,36.34539044,3.615659064
369,3086.071211,93.91497292,44.21515229,41.75590027,15.47908993,97.48584769,44.21849766,41.35398905,10.00770392
370,-2304.965814,104.716165,52.61607652,48.94667953,23.97673784,106.4764455,53.24771623,50.55056217,25.2678419
371,6198.344801,95.18276181,46.53590741,37.14920199,22.99600388,105.5960269,52.52148994,49.60289892,23.33954583
372,1610.56307,114.5820592,63.7698101,43.71919648,27.87607248,113.4520592,60.13894954,55.99014379,13.12480044
373,-1651.744805,92.22673869,41.30670825,40.39323947,11.87180511,94.01560451,40.72367292,37.74348564,3.126660299
374,2644.696867,93.70144465,50.64215601,49.9315707,19.01878779,101.2682847,48.10651811,45.25505538,15.08152546
375,3066.461207,92.50545152,43.81482531,38.29115053,16.79651486,98.64616769,45.55037385,42.49776696,11.62479694
376,4346.115173,92.75143546,44.96309784,36.61296836,20.51303975,102.7157989,49.60259213,46.72025877,18.97427875
377,-5881.942907,94.42279386,42.42369672,36.22685337,15.78121486,98.1084494,44.86796694,41.63830648,6.140383296
378,-889.6942618,108.069494,58.34175815,60.49803498,27.06572766,108.3701733,55.49925901,53.10563798,34.77423955
379,2624.176054,105.3979593,51.50770886,38.79217818,35.0525552,120.751353,75.05855351,65.73839092,18.59269313
380,-139.5063131,98.67735556,45.14981041,36.19815771,21.11018524,103.7777915,50.51161014,47.88785007,21.26812706
381,1621.076661,96.56273604,62.16806771,42.62264948,21.36979887,104.1413431,50.82657478,47.37826522,10.82340485
382,-1031.368992,96.68936741,57.59341948,46.70573996,37.7684822,121.9238514,68.50240688,62.55720783,17.13963934
383,4476.78535,99.79933984,46.53486977,41.05855122,19.24077109,101.5685583,48.35475003,45.48410195,16.25658332
384,-736.3395088,92.52667547,54.30188602,49.88109927,26.44535388,108.7176436,55.42822625,51.56223961,13.88223963
385,-1034.302275,99.65088439,52.24143371,45.58804625,25.96741308,108.3629784,55.15101522,51.38168496,12.87844741
386,2120.533215,93.81777412,40.59174454,38.71717847,11.35009336,93.47786681,40.23566012,37.10765343,4.713624659
387,222.5280531,94.75622719,41.69255395,37.63673597,13.58625943,95.77854884,42.53503721,39.35899805,7.674189886
388,1076.143337,107.9826719,66.87384956,43.6703131,23.52606543,106.7419386,53.41492725,49.81014572,12.20403376
389,-4836.36668,104.852377,61.18704996,40.34784779,26.21653416,108.1884913,55.27685691,52.94418316,32.29527284
390,-2028.935593,100.3773595,53.2666347,47.57701356,26.19110542,108.5363662,55.28949237,51.58628553,13.14336836
391,2578.089971,110.4183667,58.82522122,46.5227885,46.98677279,124.6111777,78.06285233,68.41083895,20.34668451
392,29.92204103,111.3618526,58.53103582,47.56198802,22.62468258,105.214102,51.9472056,48.53931148,11.4517523
393,610.0470027,93.77109189,46.01680098,46.27966469,14.46058021,96.53650817,43.24666434,40.29710958,8.918048313
394,-276.1212394,102.0905335,51.59944436,52.46351075,20.56444591,102.6744711,49.415452,46.60313622,18.02188996
395,-453.9522319,104.5377704,52.23421181,43.80056148,27.48670563,109.8095017,56.88398851,54.43563945,31.18952265
396,-2047.700739,105.5166654,52.26751179,50.20851032,23.52470594,105.1552426,52.10805087,49.54582508,25.21897741
397,3786.745991,93.10059424,43.37651806,36.39684233,17.36187641,99.65590006,46.39004966,43.19588955,12.79146283
398,-2647.226585,106.0401336,52.93407252,49.32140281,24.40916489,106.8946547,53.60616688,50.03700736,12.39386468
399,-1735.964444,94.71046157,42.6686129,41.53522808,12.52534862,94.90297529,41.64875644,38.23655024,2.895919216
400,2466.007236,93.6133557,60.23664566,40.74876263,26.11619426,110.7781864,57.52763583,53.57151513,13.30684287
401,716.1724598,100.6922105,59.48215395,39.60617512,19.01545378,101.2584391,47.97788166,45.14859626,14.88392824
402,-1394.748227,98.59054263,68.92324944,63.7582863,38.92095079,120.2356852,71.09746185,64.45197772,18.94519638
403,-2220.959597,105.8885026,53.24315543,49.46653553,24.58622065,106.9443927,53.94798389,50.07178471,11.41849458
404,201.3459861,99.91436419,46.81229046,44.16213261,17.94317791,100.0356699,46.81231601,43.69134431,13.62163893
405,-1371.418643,98.87550515,52.76038067,47.90599429,25.02416324,107.2999665,54.09928182,51.25942467,30.18129365
406,-1842.515491,105.7221332,72.19557765,50.05211758,34.5801712,116.1036304,62.984715,61.33673428,27.29139361
407,-1516.229679,110.444581,57.26211082,48.65634304,33.31724466,115.7781367,62.8645596,58.36169045,16.40268685
408,1434.471648,96.72443675,49.33027529,39.34466437,26.30765872,109.8667187,56.6407553,54.01979685,33.08698911
409,-1473.811192,101.9940002,49.10022699,46.31806018,20.31304806,102.5644515,49.26120398,45.79627261,9.80369042
410,-1857.424412,102.762252,64.14039104,39.3905343,22.2951276,104.5085918,51.22051977,48.83880556,21.61062102
411,4898.080399,100.9065426,47.53423413,39.97603045,21.95417096,104.3727987,51.14664235,48.38321044,20.91210491
412,-119.1594012,92.53033948,41.86245443,41.10300288,11.94698728,94.21953647,40.92917152,37.66920397,2.846343774
413,484.8786878,100.2992603,47.99864533,38.47254817,24.7960664,108.0783271,54.78355354,50.73399686,11.79568564
414,-325.0896747,108.2581055,63.80596576,42.31274486,27.14117607,108.4749929,56.41175285,53.74660309,31.96802147
415,-2393.361609,94.09509541,42.28672649,41.71763115,12.66913162,94.68315079,41.38507318,38.33348302,6.507210687
416,-1917.895712,113.4768877,59.12247908,41.26872347,27.43536795,113.2806064,60.13000163,56.1855877,13.86806182
417,214.4454743,99.31714655,46.41057601,38.24501453,21.44612974,104.0067055,50.74031771,47.80138596,20.08366584
418,-1913.276756,91.78695566,38.49011543,33.82706677,10.80282744,93.07549896,39.80734282,36.6427812,1.823675998
419,-1520.442614,98.12454342,70.74116319,56.27030191,32.37067674,116.0437781,62.89014447,58.65254997,17.00610089
420,1120.535089,94.73489317,42.9015254,36.84183431,16.172118,98.39580609,45.11555989,42.36902764,11.31740605
421,500.1179915,97.9409703,54.05245498,48.40806331,20.33580942,102.7484898,49.41507797,45.89890275,9.832354266
422,-1720.258117,101.298527,56.87324118,53.74149344,24.21641462,105.9795508,52.76242916,50.08565657,25.16790531
423,3709.902051,102.9620508,53.79311321,51.08421697,25.16107173,107.057614,53.89130211,51.31471862,28.7691235
424,-968.6678535,100.7370339,66.96067633,46.7239016,26.05136239,108.3789458,55.11009695,52.39787302,28.32921586
425,-2266.357348,101.067764,50.06074505,47.50178872,17.73937448,100.0263324,46.77961424,43.63426206,7.529715197
426,-1386.834942,98.40262575,58.01042365,40.76840341,30.07835214,112.7315908,59.47445121,57.25521565,29.98444485
427,-844.8758964,93.13151204,55.29732549,46.2099846,30.26517316,113.9766403,60.77354952,58.59498001,26.70756021
428,-2524.58358,99.20912089,63.93071639,45.50808671,34.24045739,115.5379642,62.46358231,60.90196439,25.23516855
429,-3309.519321,90.5756421,55.14697051,45.9090066,30.88038094,113.1025348,60.69629889,58.2451749,28.1721277
430,1694.83704,99.17997021,46.09152453,46.6500115,15.82136096,97.83766886,44.51527111,41.29215544,10.21950543
431,-2094.064148,103.8344717,60.81170912,59.4173352,30.7837554,113.0867159,60.25165426,56.33002233,15.8453823
432,181.3974352,95.00230048,63.96007576,54.82202632,37.75196536,114.8443497,69.06786014,67.81726087,20.8529399
433,4762.687269,100.9174915,50.29778125,44.93629317,22.81066333,105.0510274,51.90998875,48.69968697,20.86892168
434,-33.17926362,106.4018465,54.92957417,47.36242903,28.9642376,111.6744319,58.43950697,56.1676924,31.18854374
435,1541.884517,103.9372321,52.34582341,45.22758696,26.26450339,108.3931994,55.40105488,52.67785684,31.18123663
436,2860.384913,101.3669443,62.62112735,46.69969193,32.75157531,120.4767369,70.1703306,63.58946651,16.42574882
437,1294.754065,93.26761975,43.27020323,42.04191856,13.2726904,95.59737055,42.37792027,39.23786192,7.0333897
438,-3444.22962,95.86864646,60.78994127,41.83046917,27.08804854,111.813947,59.19077452,55.49389123,14.23485884
439,-2077.359533,102.4307297,68.39931704,52.80936037,31.08730109,112.4559412,59.2601487,56.7509224,25.12298178
440,-1775.74748,107.0006159,54.33239088,56.14863353,23.50921379,105.4837645,52.27600585,49.61891938,23.35342148
441,889.1291094,92.58464147,40.67161141,35.70201079,13.17075218,95.34850247,42.06622069,39.13190322,7.15842926
442,-594.6800226,98.56882346,59.13070419,53.01778074,25.28858173,107.4135525,54.22990931,51.59075132,29.14685388
443,-2399.606875,98.76775138,51.94872087,44.85330406,26.17433507,106.9305496,55.24171408,51.43525427,13.18121488
444,-1998.333867,104.1337437,71.51557921,55.09659607,33.39380733,114.9024693,61.70639906,59.77979288,26.45421185
445,497.5719628,94.44102764,41.72512879,37.69113062,13.66625152,95.84045456,42.57747805,39.51940815,7.72684729
446,136.9462429,92.15702203,49.07305766,38.39631864,28.17640702,111.761207,58.52116337,54.35010983,14.22870365
447,-2917.945745,111.5010658,79.49993128,52.51410869,32.79995094,113.1378537,65.1528195,60.11332596,16.34896077
448,-2107.378258,98.42195849,57.72226,42.95764051,37.71003145,116.4454405,68.56618698,67.17549057,22.67031974
449,1979.54742,102.2197944,50.43168437,43.94451955,23.71812452,106.0740088,52.90224859,50.07451664,24.33718664
450,914.4485431,98.99843947,50.78180053,46.04930678,23.18500698,105.4681939,52.14199225,48.84392664,12.16258988
451,1411.100969,94.9920115,51.8369255,45.8503241,24.60339856,107.550097,54.27495765,50.64869573,11.44285134
452,-309.9445948,93.15355451,47.67925867,48.18153521,16.7020784,98.60234811,45.44711696,42.41751056,11.54742419
453,2195.063047,94.93284662,48.01875296,48.71479035,16.84390637,98.9933562,45.72309589,42.81027334,11.41698991
454,-1690.928844,97.24319966,57.98918692,46.5747137,34.30790777,122.0604686,68.92163167,67.45369155,21.28352017
455,-420.8130032,98.62039378,48.64724056,48.00749008,18.53568292,100.6247355,47.39066025,44.28013438,14.84443266
456,-3431.249425,99.34467434,56.7469695,53.5783115,27.43735648,110.0431779,57.00992399,52.95810116,13.39065513
457,-6178.040371,91.48776071,39.15430927,37.54465497,9.670982478,91.99309515,38.7304257,35.5909482,0.8414606895
458,2720.818651,94.87037827,51.53963458,51.72387962,19.91435951,102.2264492,49.0236003,46.16687531,15.68655561
459,-4623.460123,97.71769522,44.77048118,41.38344791,16.23326945,98.56298061,45.3013302,42.05861853,6.56332301
460,-2508.407162,101.7358053,50.09600796,44.11330018,23.47239329,105.7705263,52.48106163,48.94904365,11.35799067
461,1004.462216,98.27683946,45.27184423,43.39052523,15.98785568,98.14140411,44.96593566,42.06600729,11.05249211
462,5310.000644,100.3250413,57.45095396,43.53702858,32.47269747,121.5041989,79.48979008,68.32503428,18.19163965
463,-2306.846677,93.07326252,59.77530051,41.34252541,28.94835389,111.5148012,58.4791973,56.13514046,33.72717499
464,-1318.797681,95.66291743,42.83822769,36.75371668,16.13796907,98.40699018,45.15633579,42.00094157,6.549847375
465,4218.110747,100.2584834,62.85556655,45.9693206,31.84714834,117.3752825,66.6039935,61.37866257,16.96899246
466,-1996.366102,96.50920866,42.9038469,32.40337795,20.83451161,104.8706167,51.64096653,48.58556935,22.31358653
467,-2080.421565,92.18291799,41.53678964,34.23484664,15.96620412,98.29009974,45.09383936,41.71888172,6.168165938
468,4513.899696,95.80954885,55.31847706,43.9468966,32.12340653,119.2555809,66.03785762,63.96819582,25.33318819
469,1272.730154,100.8218441,61.60874201,44.05083907,33.34633646,112.7516523,62.34795832,60.50416189,27.50881728
470,-1748.893627,92.48001289,43.90285335,42.80616853,14.15452289,96.49142363,43.21375858,40.01739915,4.693400494
471,-537.7745675,101.7467623,49.15283864,47.46434144,20.1054159,102.1163006,48.83647126,46.14328753,16.8065917
472,-1465.642609,100.830903,54.34886294,47.98618468,20.44419978,103.2631819,50.00978753,46.53161816,9.052788097
473,1467.291528,94.36551069,58.13954339,56.22446614,28.26079183,111.1465278,57.7729128,53.82294986,14.49126073
474,-2094.789492,94.86508063,60.86170024,36.4804985,19.70479802,102.1757909,48.93361799,46.13025253,16.55439273
475,257.5540538,93.59096973,52.28594698,45.90596768,26.19133846,108.3084766,55.13496189,51.52879359,12.62914885
476,-92.92355314,102.5329345,54.19549071,40.24134768,36.87223465,120.2598153,71.18305825,69.14352368,19.26167403
477,3966.670619,93.17317648,49.6866204,35.80407343,26.81628817,118.1775975,70.97159405,65.2270565,17.91899731
478,-745.7505117,106.0297136,52.91709296,47.59605078,25.31085969,107.5960991,54.46690222,51.81317284,27.69121814
479,-325.6135479,91.74346592,42.52326361,42.52776547,11.78757904,93.91455259,40.67130041,37.49977809,5.34614441
480,3719.052372,93.6579189,44.77472746,38.04567565,18.49634387,100.7581012,47.57024103,44.7926518,14.6889504
481,-298.188334,103.5075242,51.44279984,51.91584865,20.00496443,102.4103411,49.17448064,46.49687392,16.7063766
482,-2453.925085,88.7115706,43.39049833,40.67704056,11.01186715,93.47125038,40.22586687,37.0699712,1.745488523
483,-1698.734308,95.50510421,46.31520645,35.0535905,26.18656181,110.8458011,57.67948473,53.52010792,13.77645825
484,-2210.946992,102.0017138,55.94355713,44.38823382,32.53953997,119.9863724,67.51604619,65.56331483,21.95934551
485,1390.961732,95.51798493,58.12131531,44.92167913,33.77775151,114.3708912,85.78430403,73.42926172,21.74339252
486,3082.849939,94.42857847,44.19191113,40.79127697,15.70994995,97.937663,44.69569465,41.77253543,10.09195569
487,423.7668381,98.39925777,56.95701588,49.90421996,30.45701437,111.0499614,59.84159188,57.31394428,29.90862027
488,-4194.501087,99.45631325,52.42938467,53.44176041,21.77856059,103.6426577,50.53002871,47.71987149,20.00448364
489,-2093.8713,100.145703,54.06787013,52.00610292,21.75381741,104.0845582,50.84716038,47.28085459,10.77680312
490,1550.717812,92.25930753,45.36967917,45.42439499,14.88568334,96.9808022,43.72569338,40.67874138,9.294485295
491,-110.409207,96.09566015,43.25119221,38.63116925,15.53523094,97.75476031,44.51188464,41.57803827,10.30412879
492,-870.8864061,97.23126347,45.72805418,39.92890998,18.7232656,101.1615535,47.88883251,44.58899282,8.341789642
493,3311.39175,97.80981032,49.96042327,48.17334446,20.68748569,102.6582595,49.5927174,46.72396435,16.7379915
494,3587.564434,92.54619229,46.55863032,39.17780079,20.82077767,103.1918311,49.93783738,47.15005525,18.38296828
495,-2199.64359,98.43044777,46.12779236,44.41041785,16.57013666,98.97547759,45.71831009,42.42743981,6.621767428
496,-2058.736381,94.81952047,48.44497487,48.88930815,17.13727817,99.42868277,46.18052006,42.93987968,7.424590775
497,804.2861378,98.54816336,53.82297537,44.30485548,29.77008923,113.170913,60.09630999,57.8547028,30.09469934
498,-1427.423839,92.56384164,43.66213206,41.32468952,14.59125434,96.83343973,43.57337369,40.26377042,4.97784843
499,552.4713773,94.22374861,50.16445432,51.3752227,19.47749749,101.5864002,48.28396635,45.33374654,15.10246357
500,3168.138139,99.49506344,56.79843361,48.39935454,32.57393832,113.1497955,61.88625484,57.58780408,15.98959739
501,2552.584057,95.20330681,57.08431381,39.65438239,26.44685197,112.2446377,58.89260016,55.07985017,14.72636889
502,3224.020235,98.48304514,45.76032188,39.21095122,19.38652264,101.5593309,48.33604015,45.34950521,15.12090383
503,-1769.192925,98.73680053,50.14218729,46.87605218,21.81106438,103.8577708,50.5987066,47.20933456,11.29846477
504,2020.775706,93.21652933,41.69204747,39.75438049,12.55379596,94.73670141,41.45664362,38.28528678,3.601193525
505,1119.397323,102.0726836,48.84698683,41.9755058,22.62486862,105.0140084,51.85224477,48.89041006,23.15519552
506,30.00286837,101.0518343,47.74695785,43.16849099,20.05912857,102.1714435,48.97063116,46.28703316,17.3279804
507,-3321.247973,95.59834478,44.31322961,38.85870528,17.11805534,99.41445828,46.19299471,43.08137744,7.074051887
508,5111.217317,90.6944418,55.93730922,40.26869947,28.55983626,113.3331508,63.87098277,59.26433837,15.58114231
509,2188.133177,94.09537556,49.61782505,39.13230764,27.12119675,110.4926909,57.95650638,55.25057784,37.32204065
510,-5216.577739,94.38831664,41.71591727,37.08875938,13.99835102,96.29666459,43.01980973,39.84114201,4.605999174
511,-4488.009567,92.2504262,39.8982074,34.33044418,12.77087721,95.02705379,41.74852598,38.32829245,3.534825701
512,-4040.600515,96.0146631,75.92793804,51.48470075,35.9695698,112.0995601,63.03770651,61.0908242,23.37515095
513,507.1983424,100.734943,67.16352287,46.05960488,26.56472972,108.1839013,55.17607805,52.54316361,32.71614744
514,-1724.956037,104.5179403,54.61167697,45.38677534,31.06959255,113.8902458,60.78063964,56.28179771,15.71971127
515,1208.230057,97.08150487,44.11896115,34.46746381,21.47189142,104.197174,50.9168418,47.40169507,10.84657651
516,531.2672992,108.5581533,55.62773982,54.31065797,26.97726503,108.26379,55.16740165,52.7718859,34.28221614
517,1484.45232,105.3740251,52.15752829,49.92354018,22.82253801,105.2299165,51.98506787,49.19205826,21.3723567
518,2208.668379,92.92301898,43.98794178,43.83558393,12.39728428,94.47861215,41.20150883,38.01048103,6.000051472
519,-2935.114695,97.53844707,55.25178648,37.75759828,26.69205006,109.547613,56.34047317,54.08639957,34.11012942
520,-466.3239767,103.58991,51.22556995,50.74412819,21.47642588,103.4883337,50.31762739,47.53770969,18.32166544
521,1694.89874,94.86642759,41.66844268,37.21595741,13.90434116,96.01838295,42.74559078,39.67171171,7.952946328
522,649.9504086,95.76074907,54.15813944,49.84604501,26.00849171,108.5743558,55.29243517,51.48369158,13.21175518
523,-4129.760627,99.85011972,49.8907977,47.72321837,17.34435247,99.53069775,46.26400754,43.67510035,13.16873539
524,2484.873405,103.622932,61.66641443,37.74443182,18.29023885,101.1845658,47.92939657,44.82725009,8.708527935
525,1691.66831,96.52531447,43.58153656,39.3306845,15.74149115,97.83980956,44.55973573,41.23457325,6.205600082
526,925.5196859,91.61212824,41.36236838,36.29858369,13.90993765,96.13784457,42.83968045,39.90997192,7.963742167
527,-245.8089671,91.61366342,55.15933013,53.62415332,22.8641888,105.4671697,52.14830565,48.69282808,11.30540517
528,-2928.393547,96.90080202,43.55690703,37.73566322,16.54597706,99.01484327,45.75105993,42.37641406,6.121182212
529,-3481.354011,98.77767523,47.9422562,47.65199141,17.3218104,99.90277951,46.70997999,43.54363361,7.036012585
530,-2130.995904,102.8206133,51.86808248,44.00400075,17.27783052,99.71345761,46.39812362,43.17804864,7.602666268
531,-686.5193009,95.55750093,59.72540087,44.76770843,32.73989038,117.0141696,71.81552696,65.14746083,18.33756671
532,310.0918488,114.7894436,65.8921827,44.6937974,28.64428978,113.2872594,60.0840495,56.32448415,15.18541602
533,289.3948598,105.1544416,52.13840718,53.02928286,21.07368453,103.1436801,49.88367557,47.10846999,19.066252
534,266.9404354,94.87027653,52.05957431,36.67430072,28.94331359,113.1273861,60.06573962,58.15819093,24.71789404
535,-3017.599127,124.8593638,72.37138539,50.51194633,36.2844075,116.1235056,63.74181497,62.13765176,23.55950873
536,-1365.597388,98.04867325,45.72848398,45.260379,15.19556923,97.67179261,44.41304085,41.2125722,5.420202642
537,3013.456624,102.4973181,52.40764141,37.93952849,27.94188091,117.315061,67.29350443,62.4239965,17.53843505
538,523.8568354,103.4143518,51.61377589,38.70802064,34.96132147,126.2280973,80.33083614,67.57170214,18.97189267
539,1196.891616,100.2740608,59.00641276,39.88572175,19.0690041,101.1922806,47.90329428,45.01872032,15.32775615
540,-1486.603445,97.10270471,56.66971624,38.949767,26.02240995,110.2633569,57.57003957,53.88811972,15.91734337
541,80.51168121,101.7142891,48.90951253,46.81803913,19.82028633,102.0585827,48.76745528,45.46762714,9.284618688
542,-1244.960133,112.4858399,77.18089035,56.95102021,42.03222189,123.0825097,70.58491937,69.11993475,20.83910931
543,1378.082731,87.95117119,44.98381557,43.60985233,15.31910594,97.62157426,44.33630269,41.01059254,5.546236764
544,-1541.069067,108.5305719,67.56671682,47.03928745,26.12801528,109.3800141,56.08691382,52.22765113,13.2176489
545,1096.872832,102.3350024,50.08132677,47.57526986,21.35997775,103.3047726,50.03874591,47.172672,19.36017912
546,1816.448545,92.07782452,49.41781664,47.50648079,20.19935152,102.3690944,49.11068401,46.3143397,17.22358353
547,2619.204475,92.9198816,48.03210998,47.47770477,17.65801111,100.0792709,46.7996826,43.45692271,7.378852531
548,-681.9249071,92.59281573,48.59239901,42.5046104,21.9090917,104.0632823,50.77858751,47.93304011,19.83429917
549,1309.520693,96.49163717,51.88135795,38.40927711,29.25283192,120.1083432,86.2154449,71.14326134,20.02507291
550,479.1602447,113.9424916,60.23433175,47.03719352,52.61449495,133.7018805,89.77762713,71.30361891,19.71630589
551,183.6030598,97.55089472,46.56428602,39.76562552,20.39322514,102.6936064,49.48054263,46.46188353,17.42201483
552,-2313.339428,101.3937212,65.1750684,54.81020948,44.3171462,125.9423035,75.46415095,67.16189559,19.1699201
553,-991.3718091,104.1993182,81.70817384,61.53690903,43.50865571,117.6828197,73.86360089,70.50273716,19.07999955
554,-372.0519362,106.4530937,56.42332932,40.882033,18.27884254,100.9669325,47.67854007,44.56745038,8.144928361
555,4072.910896,89.45267039,60.01567535,49.02810255,23.70105007,106.3769524,53.24717881,49.79125319,12.51626949
556,-349.5983479,103.4127195,59.0519897,46.6596598,34.64455547,127.2727793,74.85455731,71.09754793,18.38369337
557,4288.943536,93.49616485,63.65902032,47.43170532,24.92818002,107.910545,54.60927687,51.07718553,12.56362065
558,601.3130103,94.76654173,52.6652875,44.45517553,28.07342547,110.1353951,57.44961052,53.45190092,13.8394634
559,-742.3999951,92.27705532,50.04928361,39.51782514,14.6030899,96.83069906,43.57013146,40.7929653,9.190271644
560,-2712.944693,102.321627,50.74032989,39.9801461,30.74019558,114.0890399,60.78171744,56.43641231,15.02156257
561,-3740.068441,89.62043323,48.76181681,40.38113372,24.28723052,106.1920675,53.56340894,49.9511721,12.38017478
562,-2808.56943,99.64041162,48.56060143,41.69405403,22.33948882,104.9776032,51.76487335,48.09094271,10.06799091
563,-1591.248198,106.0512023,56.86000203,41.34800845,33.87031877,116.8448549,64.19482798,62.67379393,25.17316999
564,-364.9681567,96.72178326,46.15073005,42.28629322,17.89336042,100.1981816,46.95722297,43.50289805,7.322553756
565,903.8772486,99.11642492,56.45153188,43.59523183,41.76270775,127.749138,82.7256784,69.12608093,20.2939831
566,1118.733701,92.80638777,45.47747416,39.97025232,18.40133573,100.6642869,47.37553623,43.99583972,7.977687795
567,2184.778296,91.640218,44.52943634,36.55716764,19.54600125,101.7797695,48.60420111,45.62643499,16.89907042
568,1250.402204,98.93579906,60.20614124,53.01550801,33.33836365,116.4528062,63.92073954,59.00458253,15.44778515
569,3642.469836,97.22029438,44.68656539,35.91798925,20.48884263,103.0914101,49.80496707,46.95063338,19.24749856
570,838.1825852,93.47042946,74.65524927,47.67682971,28.69624812,112.7499255,59.50366531,55.75531982,14.98970859
571,-396.8174154,93.32732824,57.04203063,55.58763958,26.60281056,109.7531746,56.44272494,52.58869989,13.08630462
572,-1440.77527,97.99678956,52.26170011,38.26385752,33.12461959,122.4748568,69.3867502,68.03406107,23.46303824
573,478.9162728,93.66343312,44.28770886,43.19126185,14.52265407,96.89922415,43.61534874,40.47668868,5.059961302
574,2359.660911,95.29704811,65.68814493,45.15602218,31.28826773,112.3974747,59.84762525,57.94411902,31.03657887
575,-1672.14634,91.79585111,46.62284309,46.92579353,16.01409452,98.10724761,44.85852866,41.99142106,11.19065561
576,-161.4457435,105.841146,53.8320518,47.97954937,26.92500255,109.0323009,55.81765917,53.15140398,35.00314128
577,-18.81786631,98.7527683,48.18030728,44.62507883,15.53369632,98.05478719,44.7986451,41.28401545,5.418806986
578,-2940.119801,99.04142103,69.61108015,45.02043532,26.74975742,108.214928,55.55445812,53.0252951,34.16220739
579,645.9582404,97.88031671,48.75985433,45.13633674,20.49455914,102.5030881,49.3209772,45.85892224,10.2084536
580,2587.104632,100.9887981,55.21895874,56.9893842,24.12760532,105.8508428,52.83886017,49.99033403,23.08540348
581,411.5175855,96.86249626,59.59506887,47.61188127,47.44961081,120.4273995,76.44249249,67.7380907,19.9514537
582,-1834.26407,97.37637528,47.84906161,37.16787215,27.38236133,110.630593,57.36961971,53.29043613,14.17668276
583,-25.63224629,99.48499199,46.40063816,46.3850466,16.42569121,98.50095578,45.23667698,42.41215433,11.68514777
584,-1946.288386,103.7561435,57.12917496,46.01247066,38.63828455,118.8221788,68.81151204,63.05471796,17.59043547
585,-1028.322933,93.58232978,46.89534819,46.10617306,16.99948189,99.28475211,46.00292908,42.74058955,6.993410975
586,1333.096006,106.0823113,52.47372536,42.01207104,29.64509293,113.0727286,60.62176556,58.48102803,26.7749924
587,-2098.949324,93.77015388,43.10631294,38.81515461,15.21536608,97.46782811,44.16803575,41.00740425,5.73537301
588,-1278.148006,99.31739503,48.12979534,45.47422838,18.83080046,101.4256886,48.15489573,44.64708701,7.917457508
589,-56.43480872,96.7532642,43.5481522,35.78195408,18.27982938,100.7359072,47.49054036,44.37132759,14.21738401
590,2470.229316,93.37599373,42.87173885,37.72839112,15.58830049,97.64835817,44.33602218,41.29046656,10.36440945
591,-7.93796269,101.331427,47.98825549,40.6082325,22.46153989,104.6788734,51.46973998,48.81546759,23.36287581
592,-419.6611905,104.9222522,53.60462337,55.07916836,23.35646584,105.1955915,51.92450264,49.41312006,23.7475432
593,136.3651685,96.07698977,45.13971578,37.25797158,20.00471309,102.5764485,49.28453428,45.79920404,9.098348155
594,1413.133995,99.49952704,46.20466058,41.09730869,18.76539163,101.0030029,47.8026743,44.83384041,15.30576412
595,2333.038279,106.2359829,52.91012454,47.97666575,25.20410814,107.4686417,54.20157301,51.46500392,27.09178572
596,2526.365283,89.206717,47.05794397,46.50858998,15.33280779,97.60705656,44.4044601,41.61224375,9.814834197
597,4243.093666,97.57200509,45.9958495,44.61381983,16.22651365,98.55615359,45.39560814,42.43302628,10.78083897
598,2453.154986,94.2906595,55.64908029,42.55507486,40.98162459,120.549696,98.94670084,69.49933901,18.38766112
599,1095.962999,94.14662138,40.85665832,34.51961771,14.29900747,96.64984765,43.38367902,40.54904328,8.975901952
600,2358.80854,94.35310039,50.49660824,42.88470435,25.0986341,107.4129684,54.20184985,51.68370879,32.435485
601,-135.901594,92.55171625,44.12466351,37.60424032,17.85307114,100.0422179,46.7181268,43.2304805,7.926891579
602,-583.6225917,101.2474308,48.60975872,40.97773942,23.21795891,105.5359088,52.30239154,49.44602508,24.02784853
603,962.0713381,101.7614867,48.87965132,47.92152666,19.41188193,101.4131347,48.19094412,45.40239453,15.57359828
604,1370.391587,90.42087718,64.47257763,49.32004182,26.36928896,109.6138764,56.3407214,52.63069589,13.62260049
605,834.4175529,93.67318565,41.35290357,33.97412398,15.72461375,97.99225899,44.71125471,41.69467985,10.7382333
606,2678.276164,112.7507187,65.42839171,53.29864329,28.43050132,111.6647547,58.61844021,54.74783012,14.51043491
607,-662.8722426,94.90957985,62.30352126,44.04122418,29.91890477,115.3938542,62.21464674,57.99463136,16.69721427
608,600.5246348,92.77393991,41.9409609,38.98834522,13.23247395,95.44134263,42.15995959,39.13131114,7.224955536
609,-1316.487975,102.5835458,77.20526963,59.30754376,38.55401464,121.8247715,81.1043186,67.70827957,17.80303871
610,1107.484959,98.10596927,51.92461678,46.51132283,24.9183942,106.9011921,53.8677481,50.18839175,12.10221753
611,1449.308408,107.0761897,70.09700803,54.40545572,31.64421716,113.883882,61.35361113,57.24744963,17.07804352
612,-3823.714988,104.4863866,68.52814223,44.62065699,26.04313717,108.1215752,54.89589802,52.64797957,31.90144769
613,-2879.736518,103.9174469,51.18353157,43.89577498,25.14773158,107.8846635,54.58779297,50.82612812,12.72814814
614,768.5006146,91.8279359,60.67326827,49.54180271,43.79202411,125.1941621,72.92597962,65.4270506,18.63426048
615,-2817.945838,108.5779585,57.80392028,50.76537306,23.1063489,105.4887972,52.69687095,49.19278031,11.35768457
616,-3639.275757,101.6758596,51.67623316,51.97934235,20.67325474,102.8063465,49.72883877,46.84730998,17.88458931
617,128.4255469,99.86587321,61.50042901,53.25891453,36.12368203,116.8944953,66.52878561,60.98576062,16.28521748
618,382.2862695,106.6498127,56.02163124,41.89098352,31.35799755,126.3410756,74.75287576,66.73308759,18.60447615
619,1097.455205,100.1653011,48.61836504,45.72362106,19.85637517,102.0713595,48.81649557,45.95052788,16.60242485
620,-103.1110315,91.38349361,50.0343766,46.52460788,21.4633354,103.7287134,50.48271107,47.55321378,19.39506655
621,421.8308005,98.26064067,52.66217473,41.14385361,33.81364924,116.2085992,65.47215856,60.20284364,16.83059174
622,1624.477519,95.11895309,43.7291148,33.73729016,21.02292717,103.9165546,50.9543831,48.17001591,21.77977616
623,-1372.964917,95.02022302,54.14690139,54.66667027,23.24143044,105.5826427,52.35418887,49.71023176,22.50958646
624,-6067.024175,95.26948766,46.64556123,38.21064476,22.30551089,104.4629866,51.47361455,48.08361478,11.35542827
625,-205.0312842,91.45241735,57.8185409,50.14256126,22.95015105,105.8946359,52.57651677,48.99099583,11.22231403
626,1189.099139,99.50218869,46.31181827,41.19700103,18.78848738,101.2105044,47.97806167,44.56547676,7.893384586
627,1016.282675,101.0201626,58.29325394,52.73674027,24.32280688,106.3934732,53.52258697,49.83793308,13.20389449
628,2254.609501,101.0998532,48.64446815,48.79099569,18.1317022,100.4297455,47.13028648,43.87812262,8.074214318
629,693.436187,96.34173356,62.04985343,44.62229996,22.52755249,105.3136449,52.11847344,48.87897484,11.44355425
630,993.2780756,95.05235967,64.61382338,39.17971906,21.3271933,104.7062635,51.40856277,47.84506137,10.28911092
631,-3774.976812,97.28212757,55.6487264,47.0997729,31.50516553,113.1291654,60.91777072,56.6830781,15.6196854
632,3006.346489,104.1372658,52.3875619,50.75239337,22.27409361,104.9655866,51.66751037,47.94351208,10.40732688
633,3143.322057,93.56251939,40.56123692,33.87948832,14.40567775,96.64218008,43.3806496,40.55222985,9.308320417
634,-96.43349409,98.28325061,51.47787647,41.8894852,27.96398956,111.1832672,57.95870569,55.53668551,30.74220908
635,-385.6091253,94.06429424,52.6372102,45.65434567,26.22795726,108.8172712,55.56800096,52.90920549,32.72033149
636,-776.5900061,98.23068734,53.28399782,46.54708709,27.08400799,109.6067751,56.31484814,52.68766022,14.17307809
637,603.6683466,101.6869448,57.07766462,56.72053986,28.00144249,109.399261,56.1602696,53.73775367,30.14444837
638,-2135.766197,100.8615257,48.60905228,48.21136276,17.57069762,99.92772575,46.72371727,43.34311973,7.258576263
639,-3284.01922,94.7225703,44.2217107,42.33079668,14.95092915,97.18941632,43.93776962,40.70292951,5.435450537
640,555.8980662,97.10631414,49.24865363,45.55422751,20.59413681,103.101256,49.98416744,46.43474512,9.190701266
641,-452.0580408,103.9408065,50.90854175,45.77568385,23.5325277,105.6597353,52.36783047,49.68340466,22.32559168
642,2905.152301,94.05160701,59.08013296,49.02184064,34.28888776,118.7240071,66.06420393,64.3920145,23.9396804
643,3641.937826,101.6245834,53.41752833,53.40330442,21.37432937,103.3715991,50.09019344,47.46150893,18.6342576
644,3276.058544,106.6021839,62.56693977,58.52687588,34.48169828,114.9942667,63.58890359,58.99493535,18.02525274
645,2021.130071,88.85627462,35.64626534,31.51648543,7.63727827,89.81750979,36.55856996,33.47028332,0.7339677141
646,155.5369696,89.30841851,44.27830293,35.73390928,19.95670858,102.5125709,49.21271879,45.76839733,9.348967826
647,2077.825186,92.61078464,62.71572739,48.67013363,24.8930731,107.8597175,54.51065198,51.00272257,13.33621811
648,-5139.603334,100.5584994,49.24322341,45.66113682,20.95883889,103.1829334,49.87344272,46.51683484,10.24181156
649,-56.24644786,105.1511364,55.3232946,50.84822937,27.2750313,109.7275301,56.58359763,52.86317848,13.95461253
650,-1968.701893,96.22053031,48.68802141,45.35558484,16.0913544,98.33115524,45.11751344,42.37501659,11.25342895
651,516.2805039,103.7253621,50.59396504,47.72859439,21.84724657,103.8711765,50.66197237,47.49907485,21.15099612
652,-2188.355479,94.04447093,44.23677166,35.48517112,20.2449203,102.3542834,49.45524484,45.92613124,9.710134516
653,-961.8724148,101.6945261,53.89595772,45.23512232,29.83515757,111.7719218,59.27691766,55.32179654,15.09476111
654,-2072.311803,98.7008998,55.93581216,41.45799097,36.13247041,121.7098151,68.68588165,67.4974252,22.95821508
655,2083.577352,89.50837468,43.02631391,43.47915813,12.69588801,94.74508703,41.48744997,38.46052276,6.516256307
656,-1808.336761,102.1933978,56.14956374,43.65363964,40.96894275,120.293925,77.76288868,67.2524922,18.64085092
657,417.5271391,95.4871352,51.87512193,42.42796387,28.7306889,110.609042,58.64350687,54.63888839,13.99494117
658,1871.768594,99.79949316,68.57084656,57.71725008,31.58199978,115.8059683,62.582043,58.08298513,15.19547824
659,1969.684152,91.68095216,46.26791681,46.4287203,15.83417744,98.10329004,44.84174249,41.82692701,6.281716481
660,-2523.288821,101.1063387,57.35845654,52.37237481,29.38370775,111.9373265,58.87369142,54.66766775,14.73759479
661,-1470.504552,96.32904749,68.64558934,42.50607016,23.76688398,107.0860487,53.80052005,50.32946714,12.53304503
662,-345.9454208,98.4529691,53.88861713,49.58797511,25.78177432,108.1258581,54.9561601,51.11907519,12.41015871
663,3308.675652,98.57866282,50.56032125,39.00785799,28.95057935,113.1021544,62.3952093,60.09347248,25.20966747
664,955.8216742,98.33441529,48.59111742,45.17439804,20.18037394,102.4904048,49.23970292,46.07665849,9.527623808
665,-1523.926581,97.5222564,52.67026425,49.9628431,23.56950861,106.0289665,52.72318835,49.041765,11.45750561
666,1774.95825,100.100041,47.26050877,38.49704059,22.98095922,105.6206428,52.35216849,49.54513038,24.72453742
667,367.9239892,89.82411006,54.55158945,49.45691633,20.9292796,103.3815932,50.1179692,46.67203957,10.3255805
668,688.9793497,99.14260035,62.34136814,46.90928657,24.06089726,106.9206318,53.61312297,50.13868889,12.48408775
669,-248.8424235,105.0579638,51.84868859,45.89647033,24.88051492,106.7920403,53.97376652,51.40914629,29.73859395
670,1412.431785,94.1541984,43.48316244,38.02720276,16.38631331,98.4967026,45.19776579,42.17072212,11.14239893
671,1346.230551,93.65946162,66.78624799,41.57862032,23.74080983,107.4294814,54.11673083,50.8383191,12.54302383
672,-402.7506852,95.57555293,45.92512994,45.42519045,15.2231921,97.65996357,44.42329847,41.09730577,5.271625203
673,1465.101605,93.82433042,42.91822299,35.89729281,17.14356509,99.34430834,46.0451443,42.77775622,7.590269512
674,2924.589624,95.87883463,42.70294859,37.74145879,15.22188423,97.38156226,44.143626,41.20948575,9.804476775
675,-3605.56703,96.43827422,44.99701629,40.92821655,16.78679669,99.041218,45.91612584,42.45482656,6.503287866
676,-689.5794661,102.2136192,49.81419078,42.11344204,24.92481725,106.9569641,53.90191467,50.44779333,12.57702158
677,418.7029099,92.94152549,52.31805643,39.76232627,30.2098946,117.2418953,70.6619878,68.92459002,21.11139146
678,1722.2704,95.67127259,54.98264847,49.14304508,21.01578818,103.9439851,50.69074854,47.16919255,9.596309451
679,2634.159705,100.3209591,66.65049476,50.90587284,35.72037785,123.941073,75.68993541,66.59139783,17.6809903
680,-1675.301574,98.46861241,45.50541587,42.87081625,12.62906317,94.97297178,41.64730162,38.48407923,3.884547551
681,-826.9176973,93.8982733,45.47175668,44.10129223,16.20094277,98.18239913,44.96889136,42.1357663,11.16285244
682,-1498.772789,98.64827549,45.44476507,39.96427077,18.25784716,100.6070492,47.36777998,44.12388243,7.793760843
683,-699.3282176,94.68981821,45.79829885,45.7274655,15.29235046,97.36389532,44.12859192,41.13243153,10.19277674
684,1044.533875,99.61573402,47.27690247,44.9180898,18.16046497,100.4620004,47.23805929,44.43428302,14.09589669
685,1241.411802,92.57292855,41.98941323,41.7209228,11.77290923,93.93859427,40.66964537,37.54665784,5.477870205
686,1265.437592,93.43001018,71.33885642,59.74880277,32.7532448,117.8853375,64.8020127,59.86708878,16.47701421
687,-2255.387501,107.8574212,57.61983538,55.92233805,27.34715026,110.4347067,57.13589599,53.25746421,13.14834712
688,-1592.573522,98.51335497,46.88885384,38.43564929,22.24853402,104.9162353,51.72611403,48.70284555,24.13247987
689,-1720.382418,95.36508287,45.11283043,38.7525724,18.463375,100.9877033,47.73761828,44.09578359,7.493703296
690,-1931.255312,103.8438327,52.83614623,48.78887784,24.80381999,106.9049113,53.63927399,51.0295302,26.95639464
691,1972.510433,98.9114774,47.60173878,41.47322325,20.74479191,102.9553625,49.87303433,46.89360477,17.62529773
692,-1488.137532,107.3655387,56.37396503,54.01006649,27.12909688,109.1190787,56.36401309,52.64327461,13.50588169
693,-2721.537013,103.527574,57.92156921,41.060248,28.4938858,114.8044428,61.67011159,57.9769556,17.22876334
694,-5025.062419,92.91678422,65.09286206,45.83573817,25.34732793,106.4303075,53.62431554,50.92413168,28.75207225
695,-891.4442477,94.20287661,42.35346329,38.57947449,14.10838604,96.37327405,43.0874565,39.85565264,4.603683372
696,-922.033223,98.44973902,70.87282676,52.21798691,40.88408873,120.8442221,67.9530304,66.70336886,20.67506663
697,-760.0213741,109.2800962,59.31207649,56.11292159,30.12781453,112.3258183,59.76184122,55.64126352,14.95643242
698,-272.435395,98.34102713,46.48065232,42.99881274,18.11119987,100.3297321,47.08183802,44.35629289,14.24997706
699,1422.878762,97.4337193,48.25333285,36.84599862,26.71276481,112.4502609,59.40203134,56.88678884,32.85840943
700,-2399.136826,96.37303368,46.03334178,43.70483122,13.44057215,95.54779207,42.26007198,39.37746488,7.563451155
701,-806.159068,89.68831469,46.2089205,47.06934686,15.07070857,97.23223357,43.96257666,41.19612284,9.624057387
702,2797.967682,93.34859318,68.18313225,50.57320181,29.61612089,110.6073188,58.15994166,55.82139311,31.57920281
703,3565.400776,94.01103326,54.25951353,55.18399582,22.53108342,104.8903242,51.61332024,48.40771404,11.67322982
704,5242.474192,95.40981521,42.6799108,39.7946011,13.98102457,96.08915696,42.91376277,39.96250211,8.250703577
705,1812.684975,103.9244192,52.40151753,46.14670689,25.86403229,107.3366929,54.71004629,52.20200409,30.67151149
706,478.2455772,96.01684229,64.62095895,61.80588154,34.53614719,117.6150489,64.44535434,62.52938765,27.94993581
707,3577.910577,99.7239343,59.9395935,42.17758744,28.92180814,113.6626251,61.04305346,57.13498925,16.72878477
708,3553.150046,91.17193342,37.80908434,32.02531842,10.91264276,93.11491305,39.84175604,36.73830254,4.617247123
709,161.6042332,94.09620112,53.12796516,45.7871919,27.10148005,109.3034773,56.33390219,53.68813759,34.02590108
710,-571.6847071,90.82775089,60.26089869,56.13407325,26.18486294,109.3016189,55.99589237,52.08911243,13.76774297
711,-2270.864837,104.403514,56.73576169,43.14588331,19.92800947,101.9763997,48.75229765,46.3232321,17.19522886
712,2099.520429,98.75993498,47.70116072,40.41812041,22.21423727,104.444954,51.13721289,47.70805202,11.37785228
713,-2650.026845,98.63642561,62.61555429,59.43767817,32.70032655,115.8851662,62.97787863,58.46369071,16.10042891
714,-1275.960906,92.59069231,40.68376988,36.89536628,12.5134794,94.74943052,41.46685226,38.38313847,3.562520266
715,913.9291105,104.0079384,59.69070695,57.12413584,31.39699305,113.0675174,59.86378,58.18487442,25.42169534
716,2357.040505,96.67387771,44.18174035,37.9801659,17.4444832,99.8148093,46.65343404,43.57919074,13.3043591
717,-3188.11624,97.11075545,44.39816539,36.00642695,19.78944116,102.370813,49.30183594,45.65907444,8.315643512
718,5711.089034,91.25818197,37.93918498,34.56410508,9.60785446,91.67179607,38.40164379,35.43889901,3.193755045
719,-807.6199873,98.21804836,45.27192905,42.34653397,16.52201932,98.77166107,45.52001789,42.59228063,11.84751398
720,309.0702876,105.6998292,58.03819787,51.36608045,23.74907801,106.3275546,53.23290809,49.7639566,11.88650155
721,-2784.449889,96.33947329,54.55064456,48.49524287,27.40103503,108.086421,56.95913313,52.9869187,13.31630889
722,3344.800486,93.53873667,45.42816491,39.92936073,18.13946705,100.3738063,47.14114544,44.2578726,13.46460984
723,424.0529089,107.308834,53.96312591,45.97443525,28.50952789,110.5120824,58.41924872,54.42825775,14.03783875
724,-709.669103,95.51655198,62.40468892,37.50080466,18.22206939,101.1078684,47.77780598,44.36188313,8.613637585
725,2554.670017,95.12948754,44.40340867,38.53116874,17.58156589,99.73200234,46.44880192,43.42713754,13.11155638
726,-2525.415507,97.26115115,45.44312239,35.15581452,23.54152152,106.8252302,53.76128912,49.93709238,11.29603163
727,964.8337057,103.4913641,61.47004952,46.49060354,42.34228236,119.1240045,70.97440188,70.14639179,23.67933866
728,3606.89597,91.90196796,40.27850575,34.57251064,13.33183652,95.50277346,42.23021069,39.25435115,7.43215396
729,-914.4691288,113.9924797,67.14262159,47.43807114,31.73919542,116.7619714,64.10068164,59.59341868,17.65431181
730,2732.997063,99.41961117,46.19695483,41.17969533,18.68614448,100.9313556,47.71878017,44.93312613,14.51276948
731,-699.5139435,101.3213331,49.13934836,39.51382706,26.75811402,109.4800423,56.18142688,52.03620108,13.48767699
732,-2142.829175,103.02568,50.10697964,48.74429957,18.05321311,100.2722805,46.96357811,43.6974675,8.165220624
733,118.3392805,91.63073914,43.20832598,44.20717059,12.1938434,94.25319712,40.99081504,37.9375483,5.848206784
734,2384.898108,111.4144457,83.14761055,83.38634865,42.42343353,129.0096822,78.34979126,72.47859677,19.96134623
735,1751.327723,99.45184208,48.62223888,37.81144152,26.43772801,111.0973187,58.06145216,55.60974356,33.21306103
736,-654.5280524,111.2660188,71.10876278,45.43950764,26.04361149,109.5142743,56.21901948,52.43553268,13.76880434
737,2165.790859,103.9516904,52.04258975,38.15867573,28.94377324,115.375275,73.60451679,67.01244746,19.98664669
738,-5178.654778,89.10407178,46.70745151,38.38404646,12.09804694,94.32419963,41.04557436,38.25729434,6.007418736
739,272.1423079,106.822686,70.82683421,48.64007787,28.13008217,111.2092684,57.94883749,54.10867225,15.30231004
740,-636.313755,91.1916739,48.69127863,40.2925029,24.32425778,106.2301279,53.45922762,49.85574825,12.63957126
741,1169.303161,99.18388173,54.5071983,40.82569535,38.09331787,127.8974401,74.99904443,71.44769041,20.16410788
742,-1427.234845,95.85001315,46.95038896,40.79718585,20.25029679,102.5130565,49.23681178,46.35673601,17.11415908
743,-109.5019446,94.71254177,62.81853289,42.83247974,22.42173484,104.4059044,51.1889505,48.41665793,21.05250722
744,-1901.332903,98.31513184,55.04632245,54.3416931,23.26873588,104.9916537,51.95344878,49.15814387,21.94118411
745,-1091.945846,97.83458134,45.90089265,40.76186265,18.45705011,100.6821822,47.45010303,44.20657644,14.49188499
746,1150.34809,93.01451445,43.53653444,37.40660282,16.80629591,99.18260572,45.8818733,42.56391415,7.09579931
747,893.5949312,93.06796676,56.23433947,49.3266984,30.27408349,112.1786716,58.96358241,56.92836018,30.38660926
748,-1481.796262,94.61452936,44.01645189,42.16823662,15.01624268,96.97835645,43.67240193,40.64018559,9.66792657
749,-184.6293366,95.68539669,51.29379336,45.98783673,24.16223335,106.0402406,52.82790485,50.03695895,26.10880909
750,-4403.122126,101.7456341,57.84011967,39.23426108,26.81535436,109.4577664,56.31344698,53.93874808,32.25135542
751,-497.3707883,103.8791907,58.9718184,43.81019994,31.96024101,120.6258243,69.47701173,63.23856794,17.796973
752,-1414.299227,101.2927235,59.0534684,56.04482249,29.776668,111.7583952,59.4011596,55.35968259,15.08342696
753,-744.6770937,89.45548263,59.56971177,57.76347234,29.58735907,112.5281706,59.18426082,55.2503367,15.26696769
754,-190.8963001,97.29555036,46.76460108,37.42030804,23.05608011,105.9903158,52.85317663,49.98645159,24.93316364
755,1164.732586,93.82760248,54.0890238,41.23114315,31.48451415,119.7564038,75.69099333,73.09400787,22.46979423
756,-514.1328948,98.22001723,45.75672046,42.85646233,17.05805544,99.19759318,45.92228132,42.86112588,12.30256839
757,-684.6869573,98.0003195,54.51787629,50.6019166,26.12547849,108.6722639,55.46288045,51.90324233,12.97783599
758,1578.431083,103.1782086,59.59783692,56.09979745,30.19447841,113.4128447,60.08839366,55.71210365,14.20744147
759,-1238.695642,89.43852861,66.58625185,41.00903876,23.01371151,105.2543551,51.99065863,49.22414664,22.10700261
760,2888.574335,94.2495172,43.79761349,36.40032291,18.06453177,100.567361,47.35990913,44.43756579,14.06278306
761,-419.2023795,109.6186583,59.29260801,51.60234318,34.00353783,116.6374507,63.4567053,58.69380147,16.23522971
762,3522.784983,103.9447831,50.61399172,42.28466845,25.60208375,107.9616814,55.08460635,52.58328958,32.54294575
763,459.3690221,95.45972398,44.04577598,39.10618844,16.58792705,98.6520467,45.41094258,42.3450969,11.53024353
764,2527.796341,100.2029656,48.3487558,40.60930559,22.79727555,105.2512224,52.16472689,49.3411345,22.51054324
765,-2898.905621,96.53554926,76.90146839,70.51707491,41.06617504,130.5332893,81.5547839,69.39431739,19.805145
766,-1818.096159,99.04198922,55.29275662,55.80232631,24.5962278,106.5961023,53.56331907,50.09398329,12.87590384
767,1430.361666,96.41102585,49.31459114,49.18031898,17.74267326,99.78536111,46.53591076,43.71284748,13.53998367
768,-953.8403437,96.19123247,56.15563311,55.33329723,25.75142917,107.9648158,55.09562079,51.45837446,12.8544777
769,-297.9414718,91.63424428,49.90743133,46.23405832,21.42681229,103.8369879,50.51160694,46.85029827,10.2098527
770,-140.1036816,103.140703,53.2996947,52.45506741,23.06029272,105.6471405,52.37033172,48.89668853,11.21667544
771,-433.4287789,94.47750312,50.50360432,37.23804492,32.81280451,125.7175886,86.31955312,69.84253708,18.80562484
772,3233.084627,94.78865385,65.86387694,46.02206191,30.32046488,115.9469121,62.60709315,58.23514695,16.3112124
773,-1671.327717,95.09226038,43.99487254,36.28726595,18.69232796,101.2278252,48.04645045,44.70572545,8.003054713
774,1520.30873,101.3941735,49.77827075,37.60727615,28.37142283,118.3760275,65.17508722,63.65774371,23.38371999
775,-840.5263866,93.50918415,42.22501217,40.15224012,12.92645689,95.27393398,41.99367072,38.71418276,3.488005792
776,2902.482067,100.1105091,64.07604868,52.76972095,37.47268186,123.3062109,73.09989573,72.17031171,20.88176028
777,-1638.392887,87.78257938,42.61279496,34.67183409,17.63206408,100.05838,46.817036,43.58966809,7.681768043
778,-1031.212611,92.55916648,46.64366411,40.17342677,20.1404534,102.6693746,49.39064448,45.78795961,8.558268335
779,-2514.177011,97.47242908,45.70206956,44.38613263,15.72349728,98.11304198,44.86398705,41.45689882,5.449219218
780,-274.4491771,97.33690028,77.25418658,69.4377473,41.79253829,125.376162,82.74985127,68.9829757,19.45327086
781,-3087.103422,94.41926105,41.98242414,38.16333323,13.86162445,96.06398648,42.79442051,39.6975151,4.602101682
782,-1809.342213,93.82310923,42.91169251,39.91849445,14.18718711,96.44954428,43.19397104,39.89740438,4.678060925
783,-1209.414446,88.39554904,46.66510101,46.59829572,15.38974242,97.77929279,44.49106094,41.156241,5.607709464
784,5618.062831,93.63720092,41.3866886,34.1807153,15.42172824,97.92929657,44.78484851,41.62617275,10.09140648
785,1096.29245,90.48651124,55.64610655,41.81356317,38.32743945,127.785315,74.83402956,73.44728246,22.40180466
786,-334.0648262,96.54518265,44.67467206,45.38001942,14.05698142,96.14588731,42.86642207,39.86844257,8.072551895
787,790.7339749,96.40928253,63.43030889,41.93414286,27.19513555,109.379662,56.23414121,53.89981014,34.10397141
788,-1488.759564,100.2542604,48.04213644,45.30749719,19.12521806,101.4064798,48.10473412,44.57394279,8.54374553
789,925.0130021,96.62593253,43.52387734,41.59486279,14.41077704,96.54504635,43.24067381,39.93171343,5.156728024
790,2742.273773,100.5736037,48.28992233,41.4033172,21.98411584,104.5081991,51.23410801,48.45573757,21.38141587
791,1838.870603,94.90189736,54.20253151,49.18020918,20.77218891,103.4545616,50.17908881,46.83185242,9.461103792
792,772.3443646,96.69929091,56.5086032,57.09932328,26.43871078,108.4987455,55.23018891,52.83315765,32.0652631
793,3278.777468,104.8057067,59.30095031,43.36402345,20.68512609,103.4886998,50.34198008,46.97916064,9.994347511
794,3338.96075,92.81363975,57.09384123,54.74487967,24.44908765,107.1148665,53.83249528,50.17161193,12.28818455
795,877.9898851,95.43342299,45.5689319,44.38945139,15.35533456,97.77627805,44.52951319,40.99990896,5.345878455
796,-1667.731996,89.37216737,51.87562726,43.82817974,26.37769279,109.1328231,55.99278901,53.26934371,34.30056495
797,522.4078424,100.1917171,53.43450638,48.49897698,19.94802825,102.4454624,49.15504945,45.73943378,9.489667211
798,575.1960527,98.02263451,47.94424785,45.37065138,19.1742992,101.2591619,48.00681199,45.2365696,15.93128111
799,1839.258016,100.276639,49.2689598,45.33265364,21.16973583,103.435427,50.17034158,46.79284776,9.993003079
800,-50.2029648,104.7183289,56.09303211,48.14416057,30.37235758,113.9515663,60.69255995,56.13804736,13.86924699
801,-1856.703832,105.0294089,51.73751495,46.51561089,24.30382608,106.555694,53.29071112,50.70191921,25.33082397
802,1317.329599,97.1363431,59.141741,48.03298289,23.35532486,105.8261531,52.56956838,49.1539397,11.85399001
803,401.9187602,96.12617578,43.01357295,38.53107311,15.13235708,97.37265251,44.14104701,41.01509048,9.654975139
804,-1537.379367,104.1155953,56.85647605,54.24406654,27.41244465,110.0312765,56.93586181,53.08453727,12.96044495
805,-85.15676191,89.51760108,51.41010523,52.24800718,19.65413032,101.4900931,48.18993933,45.32326861,15.70387008
806,343.8193812,101.5727786,49.58310118,50.16181361,18.96928283,101.2328617,47.96509137,45.08843683,14.6381044
807,-759.9085558,93.1166933,44.14001612,39.0597595,16.67021209,98.93494572,45.67589816,42.74600347,11.76585733
808,2918.970388,96.71054234,51.38981615,49.84051387,21.62178802,104.1088969,50.79979265,47.25258187,10.22969779
809,398.1597753,90.95089145,39.08123749,34.36446545,11.47472449,93.60931335,40.36807068,37.18649197,5.310287248
810,-364.60276,92.02417111,49.19954329,40.22959604,25.42338063,107.9448489,54.92352508,51.08022822,12.62933277
811,1443.935398,97.94133683,48.72979727,45.41565994,20.46484321,102.3780158,49.19513665,46.51004328,17.64252823
812,374.4648704,92.04119273,41.29637728,41.22776054,9.830266577,92.17418307,38.91597576,35.93573404,0.9769829862
813,1802.054218,95.32399722,44.14676285,41.72800572,15.06930658,97.37336598,44.06431561,40.6800196,5.574282665
814,-154.565018,101.8636832,59.61241786,38.25570268,18.2694762,100.697081,47.45665172,44.75685009,14.74687161
815,1640.602543,94.70379992,54.48722891,51.81550292,25.98281497,107.8829343,54.60751106,52.04851946,30.83006352
816,1415.283417,89.94520737,37.19760276,32.82177414,9.210777804,91.58439412,38.35778315,35.35151728,2.533105079
817,90.25466928,92.16706063,41.82392706,40.76961496,12.34212652,94.38875767,41.11771135,38.12481518,6.052924331
818,885.5292023,109.6136225,57.53413263,51.37998416,23.76140906,105.7597385,52.78387384,50.06860898,23.73604506
819,3324.676074,99.77785188,46.44181066,35.89581428,24.00189742,108.3207368,55.08119712,52.34538024,31.5742879
820,1400.627277,96.46833997,45.32883383,42.23613037,16.81424784,99.00396932,45.71848321,42.45534251,7.097815682
821,-1142.810709,93.94253723,73.22909145,48.41459975,28.89502001,112.7749759,59.72542555,55.91069316,14.69925929
822,-1696.554443,96.39902628,48.40946096,41.46771321,22.27538938,104.8268481,51.60358728,48.13021096,10.44457382
823,-726.3569935,100.2920693,54.09900943,41.91811276,31.47934144,121.5339218,68.88099707,67.12159632,21.23759098
824,-1126.65656,95.23810966,63.6019054,46.94658291,40.28091436,117.7270023,66.49705495,65.20432316,20.63221212
825,3311.64559,94.27803296,42.65638753,41.71823585,13.01296777,95.14903479,41.90523033,38.90497021,6.80990962
826,-572.340239,95.56036213,53.33255961,43.2967068,17.97961667,100.6061235,47.34439266,44.11730185,7.720800131
827,-3809.089892,115.00359,65.27725283,41.76506005,24.7393499,108.4582843,55.24779334,51.52265343,12.88829277
828,-1530.498162,104.3524723,50.98056313,44.91246782,24.58895794,106.4186005,53.14900621,50.60052505,29.74238635
829,-819.2211704,101.6441562,53.60227105,46.65860057,19.54951603,101.9154045,48.60687579,45.18442251,9.108348359
830,2582.978686,96.75470063,51.10962221,48.41284701,22.41029222,104.4483735,51.18943825,48.47255717,20.77635079
831,-738.4765943,93.3396461,45.82409335,41.47161486,17.83652098,100.0802312,46.80961785,43.74693271,13.28724079
832,-1576.478194,91.3472085,51.37521945,46.20549741,23.86250418,106.1290709,52.85937395,50.15312316,23.58057834
833,1229.008444,89.60964147,36.46618336,33.30140664,7.932121022,90.09241501,36.81435785,33.7362615,1.136047209
834,1093.660244,93.31184826,45.16688143,41.38035143,17.08586355,99.20667982,45.95268401,43.30100906,12.60663588
835,182.2477112,98.49348827,47.3271226,44.53749913,18.69771471,100.7362359,47.45529975,44.52585076,14.8999058
836,882.2160509,103.7680503,57.57223296,39.97054393,26.64569434,112.3444815,59.03296555,55.16688652,14.52194985
837,296.3701445,98.68827114,45.79022299,38.46272526,20.02887915,102.4405544,49.1646185,46.34387168,17.71106156
838,17.27804078,102.5886354,51.2056593,40.57695913,28.75244493,112.2845268,59.93891682,57.95140476,24.10342117
839,-145.7509193,103.2785496,55.19586858,45.73805278,31.81276847,114.8142555,61.80833586,57.23968494,15.21586407
840,-1450.721646,100.6860597,49.15292728,41.24375563,24.51172306,106.4494142,53.46467496,49.9026551,11.92218384
841,-931.9618909,102.4308726,55.46572384,56.73296009,25.04477461,106.9639582,53.8405183,51.34619157,26.65854457
842,2401.591323,96.4986066,50.21385418,44.65181511,22.65277127,105.2342056,52.01934246,49.46539773,21.1451842
843,5599.487617,93.510115,45.15563957,41.27478731,16.96464307,99.1018176,45.90285014,42.90747777,11.93928316
844,-1819.833336,92.07753977,41.57715241,38.35945548,13.17994869,95.31508119,42.01416214,38.92538964,4.334741325
845,1372.931868,96.44483591,46.04349781,39.8512576,19.40669468,101.5992494,48.37875287,45.63224702,16.24054585
846,2048.333594,91.55606708,38.47975817,33.27154978,11.08771921,93.36967715,40.08934042,37.07205121,4.744628077
847,-2418.960508,100.7822834,47.52601652,40.70297566,21.33652191,103.5060501,50.46921312,46.96317589,9.950296586
848,369.3463413,102.0022594,48.59871903,40.90960039,23.25773866,105.6913483,52.33342103,48.58547551,12.1573146
849,1019.758728,101.0154307,48.6552404,42.13882366,22.3090017,104.5330438,51.30287573,48.41128361,22.72786761
850,-2905.635907,92.25277184,43.8537486,44.290857,13.02645032,95.22300216,41.96290312,39.06671085,6.950298749
851,-1246.711309,92.21066214,57.56933005,56.21677329,27.41771216,109.7619388,57.08822112,53.33198663,13.62404738
852,865.9049061,97.80847834,50.6108675,42.89348919,16.20759856,98.37179946,45.09616364,42.22540666,11.0634386
853,-1057.212371,99.19859486,58.93009191,41.21880611,27.91451191,112.9712586,60.10403297,56.29033416,16.06392972
854,-218.3222481,93.55274959,42.21413505,35.53731552,16.00049981,98.42028245,45.15534236,41.83335195,5.846749034
855,-587.4447053,97.68832891,52.10578512,43.80057723,17.73361596,99.79897097,46.58786962,43.56371037,13.29318489
856,2303.69276,94.5352806,43.01028705,42.55526473,12.99788125,95.24772017,41.97356046,38.98894804,6.730627794
857,1301.137447,95.07378811,44.33874603,38.92154875,17.08714873,99.42228444,46.13177986,42.71817289,7.042327661
858,-1112.551646,108.1332213,54.59870616,39.08442681,28.2661392,115.9634075,63.06078156,58.90812111,17.30767869
859,-2731.400429,105.7877793,57.73430727,49.72738148,23.11236423,105.8160516,52.637797,49.09239678,11.16764457
860,-2376.019677,106.4048784,55.69450501,51.16396778,28.13648345,109.2152992,56.80663721,54.46183613,30.54375886
861,3329.896931,98.98965036,47.1382508,46.19916276,15.10446465,97.40271801,44.08768116,40.70426757,5.702918691
862,-4716.294847,93.39649118,40.43575872,37.81852585,11.43341106,93.72527868,40.48444866,37.16085574,2.164426996
863,-2774.1073,95.30549041,69.98465691,47.94469815,28.84032381,110.4848934,57.28468385,54.9115828,32.28881606
864,-1495.209876,98.13057941,44.85567709,37.23832952,19.33284315,101.8259069,48.57673946,45.55040076,15.67949067
865,1076.660425,94.90872073,42.54738075,40.03775643,13.59061561,95.79512399,42.5520019,39.52491756,7.865593227
866,1716.237245,96.15772933,43.49438366,41.2959379,14.50258744,96.69616519,43.38597884,40.16326892,5.190429576
867,933.7383367,95.18225906,49.69661174,47.20452221,20.72456147,102.9000089,49.67799696,46.85336146,18.85137046
868,-283.5913213,100.7642874,47.45988279,41.95149607,20.10611458,102.53245,49.35111507,46.38146405,17.88492352
869,1473.703108,98.70400973,52.41470408,42.7520707,28.60770592,112.2272658,59.03952547,56.39655036,26.61040723
870,4318.64463,92.79357425,39.55308445,36.99869791,10.63872006,92.86920834,39.61881117,36.64069141,4.135419287
871,-2813.334496,97.46710901,44.31075931,37.81744328,17.91439896,100.2685662,46.95613731,43.64099622,7.956395853
872,2105.183509,95.87860949,46.06341311,43.02263514,17.4898872,99.64220928,46.38785951,43.1122322,7.667204147
873,-1294.120598,100.0504512,55.37664979,50.62594163,27.46624667,109.5870776,56.52570854,53.92368963,35.44439289
874,163.9261425,93.13022665,42.1420664,37.01038213,14.72057639,96.95892181,43.69887039,40.38875634,5.262819782
875,-3395.024736,94.4975395,57.12045968,44.02649966,43.68289609,118.8622097,100.0030848,70.5689282,19.77040695
876,-1228.37361,104.6307623,69.27634385,66.8132087,36.47626487,120.2588532,67.29774652,62.0506862,18.31713591
877,-2109.953,97.21288331,48.89826117,46.97570143,19.79464918,101.9513451,48.69167073,46.00440846,16.81882917
878,-1411.169423,93.95214658,44.3760703,41.82808284,15.39918768,97.63706513,44.40030916,41.07911327,5.677460511
879,2017.756012,101.8744856,48.80280897,49.3157191,17.69819886,99.9504622,46.69135932,43.80739027,13.23357205
880,130.9793903,95.32864477,45.9206013,36.20536253,23.10119898,106.414165,53.14327934,49.31094696,10.50981867
881,-3390.86676,96.05922357,48.20250671,35.08671167,29.94965614,120.7331154,84.87476589,68.3248566,19.36743167
882,-1785.003987,98.37957443,45.74771134,44.9672862,16.24951429,98.35187833,45.07137773,42.3428302,11.28580019
883,1020.242102,91.69044645,38.77173903,35.1442395,10.51435263,92.6701875,39.39591743,36.48903151,4.145949684
884,-3834.01615,90.13737278,36.74626228,30.01551816,10.53797047,92.9213095,39.62813294,36.40642994,1.69076428
885,46.6318053,101.3741974,61.81371654,48.8937233,48.23561855,159.6100988,95.0663896,69.48818745,18.57941543
886,-2732.72044,104.9914712,60.87769664,39.50740535,19.82721528,101.9750333,48.78141976,46.00552093,17.73151296
887,-1128.950628,99.68373649,46.65268563,38.60971155,21.74535614,104.3612354,51.06500303,47.44291069,10.41785769
888,-3641.851051,94.0517834,46.33011453,43.40624885,17.54130143,99.73473766,46.55359444,43.13919665,7.370327654
889,1004.952894,93.75846765,50.17472141,45.37774554,22.4016036,104.8389089,51.62376143,48.13045301,10.59080664
890,-1906.656417,93.86922219,47.46050257,46.35007859,16.19043266,98.80301514,45.56147055,42.12578969,5.756298857
891,-1069.895893,97.66977242,66.41535907,58.0960798,37.58704687,121.7609173,69.85140788,67.7547074,22.62201208
892,-464.7938449,99.03489602,49.48016038,40.33016103,25.98554142,108.8451009,55.52651897,51.77952903,12.86972811
893,-649.2222699,94.12666923,51.15962104,50.20352959,19.23741058,101.4547236,48.21656273,45.49814988,15.93510486
894,1951.801128,94.07867694,59.41536509,45.13428247,42.49378198,123.7702979,72.75234933,70.59566439,21.65803726
895,-1629.463803,104.363152,63.34280425,55.05082303,28.1132327,111.1525037,58.17241235,54.14744298,13.76373066
896,-444.3906758,94.5374496,61.20967375,41.08010266,19.81930813,103.0383552,49.73439633,46.46408441,9.116195898
897,2252.234281,93.98069848,44.83085437,38.72639488,18.0651701,100.3780533,47.10220527,44.29947203,13.77411091
898,-221.2555678,99.98574154,47.53280183,42.36395984,20.18745452,102.3455101,49.08187561,46.30505781,17.64578203
899,1695.808523,92.74744682,43.98641603,39.69800852,16.05972776,98.19981189,44.97572937,42.09795913,10.64620982
900,1711.780794,95.35604285,55.89997534,54.52232853,24.02807621,105.7425306,52.48562062,49.62031508,25.05927108
901,747.8324518,96.96592542,59.57512368,46.68821556,50.46327192,122.0845775,90.89123858,70.4538268,19.98033588
902,-679.7269513,103.278784,50.2604938,48.97398219,20.58893234,102.941087,49.63625856,46.19598124,9.711869387
903,5252.428601,92.66358762,39.37001509,34.6963266,11.62565679,93.86385564,40.61270316,37.56466454,5.205821755
904,516.7817491,92.93966109,39.72269818,38.27978158,10.31224476,92.52721358,39.23347476,36.07212349,1.585401559
905,1780.791754,115.1338921,66.23963787,49.50997327,42.76497638,121.3000355,68.4002601,66.71830902,20.4306959
906,1950.556753,92.82488373,59.1591548,44.98716,22.23584776,104.1181006,50.88281864,48.34334896,21.87873427
907,-1167.091955,99.7983847,46.45126633,37.45715171,22.39372187,105.2028331,51.96912681,49.07713545,23.95745392
908,1819.627013,108.9713172,58.62607907,44.26354621,21.51949621,103.3930373,50.25079676,47.47634317,19.53428342
909,2.744714949,115.1868713,63.73977443,64.7757902,32.64934159,114.7700538,61.65687641,59.21630296,25.39121419
910,842.6025082,91.34771683,50.23298735,46.62890638,21.9886448,104.0213674,50.85005924,48.02573599,20.40891726
911,1358.792824,100.2688675,50.56681739,50.15468745,19.00914652,100.9900314,47.74399379,44.86603047,15.21082678
912,1461.681048,109.8719843,66.13075363,65.1301198,33.64953209,117.5523327,64.90386071,60.22163614,16.96380354
913,-57.48758115,98.50159873,47.38239187,41.83798111,20.20052506,102.5692251,49.26380658,45.6824245,9.50788048
914,1049.439989,95.76651101,49.45753851,36.34095488,27.6241354,130.1798008,78.70484575,73.05146871,21.01824859
915,126.8638247,99.86357074,57.98189463,42.05642708,19.90414389,102.2282393,48.99850285,46.28406708,16.68915999
916,1480.208366,96.05209776,52.094459,38.92772795,29.61493029,122.1421138,80.79862555,73.5105311,20.80234763
917,374.0238005,93.82268147,53.9910554,55.0650952,23.49493207,105.4083872,52.19221348,49.61116832,25.00243674
918,-139.9438271,97.67350874,45.48572255,41.09368722,17.67673659,99.84499554,46.60292248,43.78575334,13.57340242
919,-3791.776589,95.11417622,42.4376386,37.22530454,15.05564379,97.42057803,44.12388056,40.94493764,5.617039806
920,4772.416673,105.2207702,54.63946548,37.39371619,24.82217107,110.0281802,56.74702959,53.12721577,14.58934077
921,1576.363771,93.38705443,50.76758081,36.81416553,27.44409763,123.112162,71.44713264,65.70266841,17.7958442
922,1364.026356,100.5650218,48.24693079,40.54367272,23.01917397,105.3228034,52.31016341,48.55206988,10.82238788
923,-2072.978175,91.40997797,58.41741009,51.20519617,24.30542298,106.3525577,53.17466682,50.40598348,26.04446582
924,-665.8290907,94.31753594,49.90379015,40.69111621,27.43568552,108.8148068,56.06741557,52.4869034,14.99051239
925,-230.5622425,123.0669546,65.06632141,43.3330312,28.08181231,110.4467315,57.27993008,54.89329312,32.63270517
926,-3779.109244,89.09447809,54.09727961,43.37503779,18.64121267,100.6637174,47.38537529,44.67069473,14.60625372
927,578.590813,103.0482864,53.38441685,37.91660288,30.28619857,113.8894074,61.08212723,59.26087818,24.67185023
928,846.609842,96.70937662,43.60267449,37.58594817,16.69618388,99.23437022,45.96383355,42.65655114,6.63743179
929,1766.771744,96.13777771,43.05095848,35.54979839,17.50459087,99.97243258,46.73078944,43.7276825,13.69748575
930,3172.213298,96.63110088,46.24193662,39.948437,19.46365501,101.7599108,48.56606788,45.49356075,15.38887482
931,420.9653136,90.85548592,40.08481426,39.59216792,10.42285965,92.5606694,39.27950713,36.50711531,4.146475309
932,877.365863,93.59501516,46.64173022,41.97572676,13.48647813,95.85659786,42.59429724,39.21165457,3.871568727
933,526.7137357,105.7223567,52.73355785,45.89920048,26.54196573,108.764952,55.59373116,53.24353565,34.85299084
934,-428.0912151,100.1115636,57.73351675,44.1434569,42.88589323,127.1847938,79.57460571,74.81282613,23.02959638
935,1461.479887,112.0188111,61.54547427,59.54634049,30.72518722,114.1215744,61.18858581,56.88097239,15.29882898
936,-560.4242431,95.08369444,41.7905841,35.63341235,15.08264299,97.42669718,44.21496933,40.90686763,5.37373224
937,-873.9328398,94.44254096,41.09148472,35.72373748,13.91978323,96.03978075,42.75052027,39.7060974,8.118088472
938,-721.8589971,93.1909175,45.21077808,45.40310333,15.19921011,97.20205105,43.92318687,40.95792129,9.819333347
939,-4042.420198,93.90272621,48.94490616,42.04683433,22.98324768,105.1246479,51.93163889,48.24194879,11.67716032
940,-2900.389147,94.93631177,42.10145554,38.92814458,13.55419127,95.749746,42.49212117,39.19342134,4.05394486
941,472.2301194,94.83733468,59.67730156,49.23020544,23.68663816,106.7007363,53.40025613,49.8565596,12.01892584
942,-1125.301537,98.53247298,64.98518797,50.61714733,26.87909334,109.7303046,56.8314349,52.85374231,13.77587986
943,326.0231053,115.5420912,62.60859547,38.13583835,21.22224014,103.4675383,50.2859605,47.51460224,19.08391707
944,2420.571974,100.5026229,67.90239339,43.34513548,23.94081673,106.9169351,53.631525,49.93915071,12.41120892
945,6339.242154,88.56851746,35.734322,31.55025516,7.577150572,89.94116919,36.75368532,33.75596633,0.5327431999
946,-3695.095634,94.50853205,41.33082766,39.14884568,12.33663338,94.54320647,41.27177742,38.19477722,3.493898224
947,-1472.161906,98.62650009,57.60922406,48.27359056,34.355315,116.6127961,64.23477201,59.2986051,16.50940782
948,1986.499133,101.8840432,68.90303191,43.40144549,25.23811591,108.985279,55.66077312,52.04945728,13.5867385
949,-316.0521498,113.9331068,62.00706469,60.36020143,29.43970704,111.5147311,59.60207415,55.3591485,14.31215605
950,-1475.1447,102.4090425,60.69486827,37.75980896,21.69629004,104.3127163,51.06507024,48.36126777,20.76102098
951,-2237.832794,94.93117894,43.97633351,35.93434059,19.23928769,101.5939614,48.32462993,44.86255493,9.151742253
952,-2450.345362,92.637495,48.09521046,33.52399101,26.66969126,113.7991689,60.77741848,59.07527061,25.23118196
953,-70.57351854,97.1342258,48.32210653,41.11370379,22.60780906,105.1518056,51.89311761,48.22003417,10.42129784
954,1305.114148,98.63894213,49.69294067,46.5076684,21.34109916,103.2609316,49.98928707,47.06111556,19.63109444
955,-2011.622588,100.9958761,61.28466188,55.67227765,28.29223672,109.4161794,56.16413481,53.75644032,34.09314216
956,-1171.161877,97.93775908,49.34455211,49.72914139,19.15428198,101.2047269,47.97499241,45.17073593,15.41368047
957,1801.339073,95.86512563,53.41681526,45.23192049,28.23531667,110.9091549,57.64971393,55.56880553,34.39187819
958,1122.758343,91.56018775,58.36910273,41.26218503,28.18784144,114.6074672,61.2458134,57.0656157,15.16185007
959,4063.165156,91.3709909,40.78739629,41.63024217,9.751664398,92.04799136,38.737542,35.57155465,1.085967385
960,-889.0967069,108.5728532,58.6036206,41.04749132,27.65474198,113.1542004,60.28052322,56.31445285,14.88286303
961,5584.650447,86.98183051,46.81873409,32.26946972,23.15857186,110.3574054,60.43130917,56.7619716,15.5718726
962,-2722.811455,95.14025116,43.36609799,34.90686559,19.05629375,101.4045139,48.07499646,44.61025695,9.253564195
963,142.9663802,96.06680522,47.12588322,42.12304464,19.82608782,101.7012988,48.59318468,45.82197552,17.07603935
964,1447.087755,105.1440709,52.71119882,39.98435217,30.53482789,122.5282064,73.06163666,71.12490592,21.10983213
965,-306.4790407,102.8646325,49.56350145,45.00758298,21.92053758,103.9877046,50.7590999,48.03743843,22.06209693
966,-782.3849845,102.0847893,50.49166916,47.0315685,17.88297539,99.78138241,46.56533265,43.67819915,14.18876731
967,727.2755258,94.46084658,52.54357179,50.66371423,23.25414635,105.3164302,52.15594427,49.17884477,22.0487099
968,1278.410895,113.5197881,72.15088372,49.74109004,31.15898402,112.5847218,59.38897448,57.23391275,24.54521485
969,-143.539572,94.19119474,58.6115816,53.95220989,31.01691482,112.3430608,59.70910685,57.6588922,27.0641609
970,6101.797047,102.9763807,55.74450298,56.58657859,24.82621208,106.6005381,53.63533121,50.83496854,25.207471
971,-3477.540436,96.73980651,67.28541761,46.53421105,26.22238828,108.276892,55.15494083,52.71115185,31.98776527
972,-1038.130872,93.72634488,48.99753246,45.55945366,20.55972298,102.8624169,49.57611877,46.254269,9.872753321
973,-235.4408244,97.70250533,57.99250019,56.31374616,25.59469143,108.3281232,54.99617274,51.32952479,13.04488808
974,1930.014725,93.68951814,56.12046233,46.3578313,31.60247393,115.7849707,62.59436648,60.56069104,28.40322583
975,162.1152291,94.99006959,53.05021769,46.37704217,26.82354723,108.7028294,56.10217025,52.41975332,13.07199063
976,717.2101297,99.91234499,48.36626219,37.52398432,27.47550916,111.524206,58.18228506,54.01865377,14.5579837
977,-902.9160538,99.19036837,46.43275917,43.78216093,17.39004427,99.86352706,46.55454026,43.25846456,7.3943037
978,-2041.127641,104.347655,56.56321048,39.49446201,29.01945426,111.6278719,58.5880089,56.37975793,31.52392978
979,-1635.166599,96.38671026,58.80162527,37.86336698,23.46703339,105.8575805,52.59767338,50.04284406,25.77835189
980,-4786.531199,108.7839586,55.55622444,45.3843118,33.92795063,117.1179693,63.90217799,59.07526604,15.99760338
981,229.8668826,101.2208172,48.94651167,42.42280612,15.26324059,97.52559789,44.2915092,41.08939642,9.614993583
982,-1121.861245,99.7109732,51.14248624,40.43950487,30.67039864,113.597109,60.77241401,56.2670275,15.3793473
983,-3200.402916,92.92755217,43.97334426,39.96555084,15.67906239,98.09747858,44.88576611,41.55394975,5.363590037
984,-2697.973695,92.23141617,41.89968228,36.70095194,14.59671542,96.81058322,43.52180669,40.1797366,5.184998584
985,713.3495713,93.73772237,43.66822989,40.20050658,15.34330293,97.50163785,44.22033788,41.42201401,10.05934714
986,2076.542221,95.61281853,53.72105879,44.22643902,30.13663442,113.125957,59.94855708,57.9121729,26.22104476
987,-769.0544051,101.9242781,56.24935406,51.22797394,28.41877955,111.1185137,57.80319662,53.93688122,14.55270925
988,81.59774545,96.59643209,44.6284548,43.31713722,14.75725432,97.07298739,43.78503067,40.25116834,5.094839191
989,-3032.265048,97.95005254,44.4797642,34.64787555,21.97117014,104.7109498,51.68984648,48.10844959,10.81869442
990,992.2402097,93.67557016,48.46993081,48.10464281,18.04449297,100.590909,47.31875159,44.20805172,7.446702
991,1750.694196,94.36586437,56.30243626,40.1842144,17.61736485,100.4302267,47.11999211,44.1005548,7.801290533
992,2464.15987,103.0568105,58.03210301,42.77469328,20.11954136,102.8679,49.60442696,46.25627289,9.286620865
993,806.6254972,98.80664406,47.88282589,47.91120096,16.51491721,99.01090186,45.71324986,42.38523211,6.578080007
994,-152.6180374,104.396271,62.30807296,64.73973096,32.50029835,112.7197248,60.37099796,58.39771993,24.96641986
995,-1258.954638,94.26897475,65.88393598,41.35593453,21.93541588,105.0258311,51.82971595,48.45736703,10.75274571
996,-6138.156038,92.92509483,52.74926377,39.13937489,35.3193229,116.9441264,74.6280109,71.91008258,20.6772871
997,70.42829716,91.711908,47.92045116,47.32100229,18.19399603,100.2155499,46.93806244,43.8420851,13.09261848
998,-1058.571439,105.9402132,54.16438187,46.62056587,28.3644411,110.8266312,57.5642533,55.06043917,35.72469856
999,371.4870975,103.3285557,68.13102259,53.07957997,49.93989397,125.5052983,75.47857622,71.8222228,19.84889534
1000,650.8509605,96.7932893,52.43671474,50.47215312,20.06348651,102.6782159,49.41262991,46.0983846,9.147230085
1001,118.439587,95.631282,48.81800181,38.8171432,26.70389226,109.7186567,56.40364502,52.61000414,13.71020936
1002,-1357.730199,101.6412743,48.63568236,47.64947253,18.63147784,101.0822486,47.80656627,44.49356333,7.905119673
1003,115.4020165,99.60056925,53.81531704,44.97596496,29.01756341,112.0466951,58.87522627,56.46267734,33.21802286
1004,-66.30375493,107.7815618,55.02999067,43.59472161,37.34588019,117.1406204,67.61917001,61.87866941,18.02959585
1005,-136.9697218,94.4589243,58.46126937,56.61647015,28.81890595,111.2633707,58.0094347,54.02963937,14.35820664
1006,-2350.343415,93.10972239,48.29094328,42.4463293,21.50945849,103.559831,50.37288072,47.44313439,21.02472926
1007,-2415.643234,99.84599254,62.2902575,43.6757254,29.04693576,114.1148305,61.55412535,57.37660823,14.93829676
1008,-1335.144689,98.94083034,48.44344374,40.72944745,23.44095817,105.6994883,52.45014168,48.81475262,11.5412238
1009,896.5118057,101.0974881,63.52004167,57.30327043,29.30238247,110.223881,58.45050664,54.55641761,16.78622878
1010,-1120.558284,103.5716404,50.91419783,47.76732395,18.29465049,100.4220535,47.17413163,44.28984136,14.14201224
1011,3436.31597,94.28618889,64.33373458,66.62876693,34.04372466,115.3745491,62.52033996,60.61305771,25.80626729
1012,-341.5723408,97.03724849,48.28102902,42.78588693,21.02638569,103.5315284,50.2470829,46.80038148,9.708997389
1013,-622.9396862,101.2554409,47.96067763,43.81936939,19.79544681,102.2264377,48.95587339,45.53930929,9.005838418
1014,205.1005792,93.66099337,49.88494589,41.82561439,24.76022505,107.441475,54.39556821,50.5047678,11.4004635
1015,-475.4523507,93.78640474,43.21961576,43.11061423,12.2988072,94.67107498,41.39615668,38.16994434,3.114680825
1016,-1478.003935,101.8538684,57.91269038,54.97400233,28.9692697,111.3102479,58.30443002,54.43986431,14.7759961
1017,-56.65612833,99.03922179,46.91144973,46.09704321,17.00217271,99.28107435,45.98089998,42.60402175,7.163137423
1018,525.9303182,113.4028486,61.9708822,50.61317646,26.4025765,108.1522308,54.91331359,52.78243195,31.87464397
1019,-2879.168716,102.5575194,50.42300004,47.03160577,17.91758725,100.2518077,46.98003883,43.51941914,7.655661584
1020,-2526.225548,89.4470588,52.77155814,52.71873843,21.46488804,104.0255725,50.79189696,47.3558099,10.01439428
1021,1535.290248,100.111905,50.10822592,42.13540398,24.42071555,107.361836,54.17591003,51.32378662,25.77779016
1022,6174.112218,92.5035261,39.30557841,33.61407736,12.2292971,94.5999893,41.39872411,38.30015882,6.131386366
1023,2092.873247,112.3269354,58.95650044,51.80839902,33.03465712,115.7790706,62.44402969,58.20039239,16.99795995
1024,-2641.25502,102.2512155,50.74346392,45.51053969,23.14371954,105.209743,52.49234145,48.92801065,10.92768477
