seed,offset_in_uv,cmrr_db_0p1hz,cmrr_db_50hz,cmrr_db_250hz,cmrr_db_1000hz,psrr_db_0p1hz,psrr_db_50hz,psrr_db_250hz,psrr_db_1000hz
1,-188.7384005,97.80512294,56.41320015,51.96948581,23.00662192,105.1510248,51.95297311,48.91399284,16.25834496
2,1247.870908,95.61422344,42.52187909,40.18874575,13.58581625,95.78338077,42.54632066,39.57905058,6.626163147
3,-1587.143384,93.34216116,44.46585856,44.18528346,14.35597919,96.38322551,43.12534785,39.97123546,7.308536261
4,3030.83715,93.26908907,55.46593361,46.41891612,20.63687237,102.8517023,49.57821035,46.60814721,13.89912065
5,-1056.544535,99.05725137,45.59342929,37.98606246,20.36686404,102.6088027,49.33369059,46.08376156,13.64379824
6,-632.4188409,100.9465557,47.17954399,33.79619275,26.95633155,125.4754729,77.59338489,76.76132825,39.0441285
7,1222.435893,114.1152306,63.11544075,44.10810867,30.53529402,112.6790477,60.73354454,57.68613886,24.84076314
8,-2183.192208,94.94579231,45.71837475,45.66714537,15.56504498,97.64077556,44.39122703,41.41042989,8.626602381
9,457.4836664,110.7657978,59.73867925,42.26291083,30.12311301,112.4909624,60.83345055,57.8144781,25.05377273
10,-133.8930373,102.4328022,53.24458682,49.17738142,25.41254267,107.2660261,54.14408359,51.08397416,18.51691985
11,1019.828498,95.67034809,55.39367979,45.04693785,34.27527605,115.4833423,63.94632445,60.72121314,29.06609446
12,-3662.852793,98.46759281,45.73918164,42.34260921,17.65225739,99.48012345,46.20052517,43.00718562,10.74538371
13,1052.471184,93.25408628,61.91702137,59.54749626,29.17785556,111.005893,57.91373109,54.87464175,22.34981633
14,-1169.985848,93.31481878,58.11933456,40.79862071,19.07470048,101.4894731,48.21362862,45.48521735,12.61035123
15,-1284.066218,105.5136161,60.13140196,42.72508444,30.61695865,114.6752821,61.4770401,58.54369841,25.6613136
16,4054.767885,97.19143532,44.16182592,43.14657499,14.43986712,96.66144035,43.42691169,40.38982214,7.485089081
17,-902.8497863,95.96384056,52.7975134,39.87424932,33.13601294,129.0740859,80.67174049,76.14992174,43.54901321
18,-19.24927052,101.2290733,60.74723659,52.9369644,34.72007201,117.2206076,64.69105416,61.48699848,27.91793883
19,-3001.264028,109.5671267,55.75836513,41.79580932,34.23712804,122.5957356,74.60509479,72.47230432,41.38460245
20,-50.43174443,99.51974086,48.06967705,37.81655193,26.15102612,109.4229832,56.281376,52.85897415,20.47615433
21,2217.051729,97.93705703,48.2994778,36.88807966,28.23158509,113.2726829,60.26769646,57.0408013,25.12414151
22,-877.6903578,90.65026241,51.13827347,49.29293971,18.82545579,100.8573201,47.58808501,44.47920133,11.99991342
23,2217.899426,100.1812026,52.54220557,44.66884523,27.19144953,109.5478413,56.55564315,53.55178109,20.72223978
24,610.2354024,93.22238553,49.63445962,42.5392644,24.10268789,105.9297444,52.7478697,49.47772584,17.37534251
25,-1074.500757,93.50746851,46.35971346,40.25823062,19.84584514,101.9963871,48.75432407,45.79647415,13.06139067
26,-3929.593424,102.3661714,50.37030371,47.16352925,17.57514785,99.65417549,46.36548722,43.36084497,10.8264349
27,119.8069091,103.318466,63.32405631,45.83000803,33.32015511,117.8346489,64.60040628,61.77660056,28.09187389
28,-223.3803326,88.73944504,65.92458102,44.1869278,28.93258119,111.3583135,58.6376212,55.85818351,23.2805031
29,3610.823422,95.46530283,51.09729553,35.63956538,26.34006843,111.5422406,59.0555785,56.33650662,24.33543468
30,-2783.474301,98.02499859,44.82150874,41.71275226,16.48766623,98.43079008,45.15742012,41.95620315,9.475311991
31,-1023.538784,108.6074507,57.00783724,52.94142733,29.11463533,111.0440781,57.97922317,55.13414626,22.2384219
32,-307.4726539,103.7288356,50.70017152,46.42312819,23.15577531,104.802014,51.71522909,48.54490733,16.16682038
33,1194.815773,94.8703662,50.36247059,38.12863124,30.39001477,115.4524255,67.30061844,63.81033711,30.15879986
34,908.917251,90.30065856,40.54510611,40.26796483,10.50660916,92.59329202,39.33112635,36.23248606,3.510606086
35,-3534.747851,94.99303133,44.69683558,36.65562763,20.00324461,102.1664852,48.95691251,46.06268555,13.63948243
36,-966.9685646,98.61859724,52.6868754,50.41096891,24.08535191,105.7916538,52.67320608,49.73310145,17.41250579
37,1300.3622,95.78022767,48.50338463,37.89468194,27.00251658,110.320472,57.51349712,54.33437268,22.0807832
38,1644.255618,110.473152,63.69702693,54.85581245,38.44161787,121.6266402,69.06541802,65.59326521,32.25936171
39,-371.915248,95.37160849,48.15617792,45.9764262,19.4472864,101.3225007,48.01098555,44.89941114,12.70022964
40,-3331.944651,102.2819671,56.14121895,39.92363657,29.38277823,114.002216,61.30960298,58.68840066,25.45007589
41,2184.824863,92.87393261,39.61251083,35.35140138,11.87702279,93.92609476,40.69417378,37.64879669,4.968636268
42,-745.9283065,95.06164678,45.59234328,44.45940266,13.51128516,95.51163141,42.22834365,39.37708917,6.83514969
43,1136.518398,100.5671232,51.92068233,50.08465211,23.18466536,104.9956909,51.71806078,48.80149137,16.58842312
44,-3989.869055,102.8433779,51.44677874,50.60817927,19.57997189,101.339907,48.35614797,45.66981991,12.94640113
45,1738.350342,93.87600868,51.11401353,46.973489,23.32104532,105.3909904,52.14393987,49.21662035,16.52136723
46,599.4296096,106.2271474,56.29508267,55.62832457,27.25437507,108.8518443,55.60259051,52.78010069,20.46794394
47,-653.0017102,98.84442313,45.93680016,39.65719199,19.46308771,101.678326,48.49208969,45.34138267,12.56247213
48,-2692.808455,96.12470311,43.04296877,44.09769136,12.25277879,94.24314761,40.97736091,37.91869189,5.399905264
49,-629.6463941,112.7840168,60.52295236,47.10312026,40.13317638,141.6381569,89.69022731,88.8748243,53.35265959
50,2630.3508,91.00815927,52.69757336,51.36290518,23.02969289,105.1614869,51.9097986,48.62979547,15.86856571
51,1932.762345,108.9640488,56.72363461,37.71780838,24.25712859,107.2370015,54.12508829,50.98900619,18.99827176
52,3813.847764,106.9282327,57.5968096,47.28451156,22.38630428,104.3756504,51.11106145,47.98701469,15.62654285
53,-471.9699772,92.01348272,63.0499052,49.86710507,26.3401519,108.5400401,55.33929986,52.18988688,19.48641126
54,1221.034286,101.9230665,50.4416307,46.86472344,22.34682793,104.2425359,51.12269039,48.22991839,15.57434718
55,-1830.48024,99.7525109,56.67143359,55.19239457,24.68333109,106.5663375,53.32723035,50.37873367,17.89716126
56,2305.230137,117.0656779,64.76507116,48.63688174,26.6323219,108.5519005,55.52487657,52.55459321,20.01968623
57,-198.1264638,98.34312493,46.07010151,47.12187748,15.69461674,97.59144802,44.30828525,41.28484495,8.853949167
58,4482.862155,96.57621739,44.49564681,33.37821962,23.87483707,107.8423203,55.08102076,51.88521354,19.85667555
59,1085.902293,117.8583448,60.40100599,38.82113222,23.29992613,106.3649681,53.08531497,49.75164664,17.01543475
60,-295.2555918,91.85938932,41.7131362,35.67459371,15.31446268,97.30705723,44.01984717,40.98052065,8.53132362
61,324.0290106,97.26450925,54.18396481,48.93853077,27.03484076,109.1338156,55.85133139,52.85676372,20.2885646
62,-553.5661033,97.3810896,46.65640882,43.33881058,18.3780804,100.3936303,47.1722107,44.11846175,11.46538314
63,202.9505099,99.02786115,45.98558803,35.01307625,25.17827524,109.0219861,56.11973374,53.04909076,20.93039533
64,2877.847623,86.72471143,59.1561766,41.69024522,19.93931062,102.2691227,48.96843133,46.07634859,13.5232839
65,2246.033551,111.3142905,64.99396836,43.52455998,28.31600905,110.8970373,58.00623432,55.07161022,22.36565363
66,-692.777503,97.62750574,45.32824587,41.01930979,17.51530149,99.63270551,46.44802348,43.35910007,10.56054752
67,-751.6943167,92.94468257,49.01564166,45.61178955,20.8830977,102.8415327,49.56099426,46.58481974,14.02801366
68,-654.0442229,92.10155871,40.29679051,34.7893445,13.34564407,95.48016218,42.21659264,39.14719542,6.483094404
69,-775.9117845,91.72743367,59.92292495,40.04005462,25.84556378,109.1644094,55.92036159,53.02965399,20.11703607
70,-2848.439802,101.6500595,49.70124767,47.21472925,17.17004435,99.31159244,46.05136138,43.05341469,10.35821576
71,2003.029451,95.63796971,42.39215958,39.64201805,13.99284071,95.80397347,42.54252666,39.43781178,7.227307813
72,-50.1799373,100.0617415,66.79803447,44.51670601,28.79516987,111.6960424,58.41907794,55.55431612,22.76236072
73,2364.251811,90.07228018,40.29769395,34.85941694,13.20432709,95.37800927,42.16645743,38.78969627,6.058919248
74,3017.255442,89.58692398,50.93467606,38.05067293,30.98628391,122.474875,76.63396825,72.34955889,39.61534758
75,-281.8781751,98.087573,44.80487092,41.27860241,16.68589748,98.70491897,45.4303721,42.42531464,9.827644398
76,3800.592605,95.07604934,42.08347309,37.05179448,14.8902138,96.84990494,43.59921307,40.45594224,8.014930141
77,-728.7108756,88.95150436,56.31690598,38.03996098,16.68969449,99.0201958,45.74278193,42.72185088,10.10420261
78,-1487.283026,100.1294839,63.70083556,55.82360219,38.25803487,120.8714605,67.80357396,64.78522887,31.8404841
79,1593.74038,97.68504402,59.51375965,47.49486367,39.85100656,115.5575365,74.22137604,70.99458718,38.45952979
80,-2820.7673,98.12316036,50.14981307,50.99023582,19.92194746,101.7483708,48.63087635,45.72944716,13.18092371
81,-3408.558811,94.4634681,45.58172107,41.05258261,18.03445665,100.1050648,46.84310838,43.7635878,11.07747836
82,1759.041964,93.60693834,46.3284718,38.70521311,21.37053756,103.2459977,50.06816853,46.87429839,14.69212064
83,2342.716304,123.4142703,63.76123303,38.66724113,20.23563025,102.7661332,49.48396057,46.31403736,13.70656788
84,-1927.453191,99.21002734,48.41628801,48.23821,16.54743507,98.69436795,45.41565899,42.64551096,9.882546171
85,-1882.032959,102.1981701,53.93467346,42.65283117,33.29233972,118.6176832,65.36215084,62.35421785,29.52539398
86,3623.03971,105.9383565,52.845874,53.18746526,21.63367984,103.1439994,50.18893111,47.21306817,14.78535476
87,-5276.36759,99.5672426,50.31093291,45.43168164,22.98332507,104.4779485,51.78465951,48.84774451,16.30071576
88,-1862.100543,92.56591197,48.35488128,43.8500632,20.88062084,102.6444814,49.53326972,46.41171844,14.05055346
89,-797.92031,105.8002424,59.29135871,42.25685304,30.50027366,114.2929836,61.73337173,58.7258069,25.59828036
90,794.0939508,94.2118168,47.0649232,33.904465,26.83894999,128.9530462,87.10301773,76.99548361,44.22166983
91,3026.081362,88.79906673,46.07213438,34.72255543,10.46655295,92.63925808,39.43221364,36.3258484,3.540921408
92,-1610.187709,91.78063037,42.50945604,40.61996815,13.70827886,95.59696866,42.29355763,39.31402023,7.004619364
93,-2333.202228,98.40503187,45.25523455,38.06344558,19.79983203,101.6229109,48.46495332,45.34822443,13.23685799
94,-1552.541832,95.444915,62.02610444,48.72729343,25.02730367,107.0591589,54.35994914,51.32152611,18.08794297
95,-1838.684545,108.5263216,56.62888546,51.99144777,28.34544787,110.2779045,57.95701664,54.66756747,21.22804962
96,2930.184233,105.0155434,60.08703021,43.63089643,32.60244683,114.8698025,64.22398227,61.50898707,28.10098642
97,-2371.612924,98.72397434,47.02049761,38.96391546,22.45438467,104.694739,51.43088802,48.37007636,15.78964832
98,2090.914331,94.5700239,51.12829742,52.805913,20.62005346,102.293398,49.08511467,45.87499719,13.82929193
99,-1517.461211,99.75702426,65.49800366,40.31573005,21.93006241,104.3959291,51.12977664,48.08150922,15.50244918
100,4351.980697,95.77853896,42.92598068,33.57094347,19.898447,102.3756955,49.22338053,46.10323039,13.7141946
101,-2574.302949,93.0899184,56.47363846,42.94025684,35.73216593,117.5031683,81.74161731,79.78477806,46.43362101
102,507.9399108,94.70002937,42.10184879,36.8325176,15.11565853,97.07133715,43.77792237,40.60682952,8.234915658
103,-316.9402933,94.45737595,49.08504223,44.48229098,15.93339041,98.04213756,44.77159561,41.86355278,9.20051495
104,-578.3952442,99.26908529,51.78223307,46.32847095,18.34794607,100.2971816,47.11550164,44.07934721,11.56522729
105,-2682.38217,95.69705207,44.23780433,35.94415819,19.86587083,102.0559609,48.79208883,45.74073823,13.43451975
106,-3235.823093,93.85033201,51.52412352,46.25247373,24.41912524,105.7655876,53.24362821,50.04776823,17.46894609
107,2102.764073,106.8390038,54.1046471,50.13234903,26.08943284,108.2160741,54.91438266,51.74911666,19.28958577
108,-758.1595651,106.6011543,59.72723831,58.71020058,27.65603738,109.7285548,56.49218685,53.38547832,20.77671784
109,394.3963466,99.74753238,51.79634806,49.14144541,23.25723297,105.0745452,51.9804006,48.96842997,16.28213722
110,-1908.785043,100.8551048,49.33731259,35.82061779,28.55134516,114.5492503,76.73160809,75.39662377,40.10665162
111,-1984.731367,96.80693771,46.48311458,39.60780304,20.67354321,102.8391073,49.62922016,46.33118712,13.64830779
112,-3461.766311,97.12115441,48.8908239,39.35288431,25.87798085,108.1432853,55.48456285,52.69744053,20.07079871
113,724.1486899,101.4867699,52.85279591,45.73315985,27.47485166,109.4072112,56.12068069,53.08248964,20.84908674
114,-1361.337208,113.261418,59.68851171,50.34547948,35.73645732,118.9758365,65.65499232,62.75342522,29.70365569
115,-2727.532923,91.61446467,46.25038997,35.51480502,25.10058968,109.0430098,55.77276357,52.4289938,19.9578179
116,855.0849167,87.3949794,38.48964543,33.54672931,11.24866146,93.20141116,39.89797212,36.82083954,4.462871558
117,1847.483991,96.50001444,49.53044265,50.38145424,19.20361934,101.1061913,47.79699924,44.62743521,12.34642028
118,-1002.163357,94.90684037,55.56500981,55.28222794,24.26183267,106.2628481,52.98587525,49.75848512,17.27526923
119,4826.362865,99.75973831,53.90770616,47.62560464,27.80347015,109.2562902,56.56304098,53.74343742,21.00916141
120,-961.8729368,103.3322265,64.38343479,52.55442564,28.7645267,110.6268257,57.36733188,54.31594712,21.96902896
121,1910.40081,107.0004112,54.93250306,56.0732859,23.56809384,105.416407,52.14959201,49.09965216,16.81274828
122,-2577.07866,105.0290486,51.7677939,45.60662051,25.543289,107.4192912,54.12924553,51.131723,18.74278903
123,-1152.390598,93.2103183,46.83459103,43.57414732,13.92827728,95.98350985,42.67566284,39.74178815,7.310037545
124,-283.1348701,98.48893087,46.60645477,36.91380707,23.97043367,106.6127791,53.55436291,50.44684762,18.01223989
125,649.4692027,105.7762522,59.13097468,43.39238218,20.91768793,102.881384,49.83991173,46.84527066,14.51861811
126,-1667.175252,91.99123698,56.69909308,44.22260968,20.27861084,102.4545178,49.23306177,46.11195943,13.52908983
127,774.8942995,89.37646672,45.77539374,46.40917196,15.6593088,97.67183719,44.41174435,41.53204252,8.959772809
128,2602.985454,95.92185942,46.31111728,39.2904976,20.68505176,102.7368316,49.4623366,46.21671101,13.87473736
129,3406.419794,102.6997628,50.06268531,45.28631098,22.81312827,104.6418154,51.47423194,48.63200713,16.09164857
130,4506.000061,93.7279725,40.19500494,31.42180859,16.21882227,98.5116702,45.36163425,42.3323164,9.991030355
131,-132.1069746,91.90371487,57.63233557,40.39989026,28.29395037,111.1268563,59.63588155,56.97414279,23.19037389
132,-2345.661789,91.60917264,44.97269786,45.56326681,14.84439613,96.822359,43.55016358,40.7045762,8.051555686
133,-1390.955442,96.44603368,45.89223967,40.82232737,18.71209419,100.790039,47.53226171,44.54135998,11.83726856
134,2325.064812,92.49877522,44.45258626,44.08375876,14.4728966,96.35671159,43.18628327,39.94872232,7.389312757
135,1063.303063,89.52834899,41.68909241,37.82797953,13.79523618,95.74894095,42.48048579,39.35664357,6.818341247
136,1657.70292,90.91929193,47.98629136,45.61761083,15.44441333,97.35441442,44.05945185,40.92008585,8.709057724
137,1768.921094,93.06492741,42.66933576,35.51640308,17.18945892,99.23721405,45.94076904,42.81214359,10.45765978
138,-2500.326912,98.10973559,52.43050176,53.05585083,22.11837182,103.9965905,50.74301838,47.68758218,15.19544197
139,-1536.37026,99.28249787,67.18151206,58.84175087,43.51720129,116.7300149,71.85666458,68.71800917,36.43231666
140,683.0125719,92.00981046,39.24771109,31.31714057,14.42138187,96.48281539,43.16492931,39.96495628,8.035724641
141,5165.403508,89.98636131,36.57544087,29.32352347,11.08557545,93.28138261,40.02004993,36.77568131,4.22187073
142,-773.1503508,108.500162,63.82300351,43.99589426,29.81413819,111.2284996,59.90994974,57.19157014,24.15567755
143,2343.489894,99.62213329,56.61246202,55.6042676,27.4019548,109.2762281,56.01588926,53.02826971,20.57800402
144,308.7913497,103.41746,70.67536881,53.74502458,42.65211272,124.1395248,73.50326142,70.5454325,37.85668031
145,2152.950677,101.3445058,47.79038839,38.35477039,25.08627942,107.5101158,54.30616303,51.0552618,18.76879551
146,2142.88235,91.39060347,44.12015782,43.75573474,13.77778213,95.97136366,42.74971674,39.68501227,6.748725636
147,808.2704489,104.2918405,52.07297974,38.67255727,31.66436222,129.5883633,82.92386401,82.71387713,45.54991758
148,2434.930717,102.1705578,55.17445617,50.38536269,27.82388576,108.9665043,56.5634348,53.31104864,20.8499402
149,-247.0332306,102.7640435,49.60451626,50.39851137,19.4760629,101.3044772,48.03519072,45.02271625,12.65774646
150,-1881.175874,94.50654963,46.12183881,45.03295806,17.13058857,98.89570101,45.63842417,42.79933457,10.63055544
151,-17.6681444,106.5793095,54.89449255,42.71702082,35.28927352,123.2783316,71.11067606,67.59872773,35.95214308
152,-744.4187993,99.37809473,47.76616521,43.82496383,14.90943842,97.15305145,43.90393959,40.90334466,8.020839101
153,-2187.971058,95.11066011,54.72351909,43.40381822,34.50614996,117.4082422,66.37318716,63.16145089,30.62421357
154,1765.93681,99.62725331,56.99021184,52.88661206,29.22174252,111.0761219,57.79745664,54.65162509,22.28384623
155,-6890.785667,91.61677895,39.11620216,29.94925441,15.53309017,98.09016978,44.99535696,42.00946928,9.431725131
156,-3124.716714,91.82220895,45.81778405,42.31053803,13.25923778,95.46375114,42.23903461,39.19626354,6.310389333
157,-335.83513,102.5733382,62.75135666,53.70323615,39.30312729,119.3183132,68.33879721,65.15366556,32.90536769
158,779.5370697,91.41055528,57.28620433,40.75364699,18.86311778,101.1022552,48.00262748,45.11113079,12.18617098
159,816.5196277,101.3782145,48.7845085,46.26383935,20.36390337,102.1314191,48.83499963,45.72566091,13.62835124
160,-456.3433845,106.6524002,52.67256131,36.15923238,25.36225015,109.2171687,56.82964275,54.06814374,21.31138634
161,56.06877325,96.81022084,60.17166331,46.41486737,39.17603045,130.1304513,81.01404398,78.47094137,42.69449826
162,1910.116027,99.88603251,46.50307856,39.63591863,20.5959454,102.789046,49.50416215,46.26566455,13.68996714
163,2254.352296,92.47629841,39.58547824,33.58014775,13.16067565,94.97514645,41.6220887,38.29562986,6.481122007
164,-138.3541484,99.22034862,48.69939098,35.81283197,28.87206591,120.5108987,74.79633716,70.57542532,39.63811061
165,-813.9309228,91.87350426,48.6309604,40.91423933,23.4103904,105.7055211,52.59706774,49.42377409,16.68831305
166,-612.6532029,107.770329,57.5691241,47.297783,22.12642653,104.2966714,50.98614336,48.11851561,15.68161502
167,1238.581477,96.81193718,49.74273621,43.0089521,23.79237016,105.8639432,52.5890021,49.45940763,17.09058734
168,-1388.001846,93.85419236,40.60714053,36.52029387,12.79178066,94.76434359,41.4732105,38.23954092,5.802970257
169,-3536.18278,98.78557752,48.73661047,38.20395858,27.12615223,109.6849825,57.67467916,54.69298059,21.99151608
170,-2408.270602,96.78073783,45.66054731,47.04352693,14.24846921,96.32516943,43.02642108,40.14853789,7.596971271
171,-1332.045062,108.684957,54.83804519,41.87424325,34.57409388,125.0738605,81.69403879,77.26284141,43.08333575
172,776.3012434,106.706983,52.93672067,41.03090726,32.89861836,120.4226,67.15250081,63.66066869,31.2238907
173,582.66838,97.83181787,48.25625587,40.07653748,23.87102043,105.866595,52.56129759,49.24815652,17.31758756
174,1844.18081,95.2754165,41.92020394,36.03244297,15.20685857,97.39091381,44.14274852,40.99471638,8.292556804
175,-971.3948663,98.74494339,59.75601953,50.88453147,37.23399414,118.4947523,65.19355782,62.0697849,30.95786537
176,2187.062611,96.57845512,46.73235167,47.19905257,15.26916876,97.19827988,43.93815012,41.11664722,8.563309117
177,3189.640632,96.30179688,43.05260315,39.28497109,15.10855943,97.04525423,43.76795378,40.70079592,8.334162117
178,1089.178063,90.76897479,38.07872176,37.57040473,8.146991045,90.30656854,37.06462808,34.03998976,1.207484925
179,37.47631697,103.1093025,49.89155025,47.65835805,21.00841222,102.9992839,49.73943088,46.49433376,13.89732321
180,3855.058006,90.4353666,37.35505786,31.67633005,10.43121697,92.69849604,39.51058014,36.33719318,3.419104619
181,-556.973723,94.4028986,41.11931567,34.67633021,14.93267874,97.01185606,43.75257504,40.63020478,8.091447584
182,803.1159225,98.39290375,49.80404968,46.85902222,21.7661102,103.3921432,50.09864368,47.04579156,14.92904127
183,-990.572602,90.53147931,42.60900743,42.36979811,12.82849652,94.82281138,41.5526961,38.53854576,5.945392544
184,-2359.203958,98.46075978,45.37172232,37.99792504,20.05091589,102.2477062,49.05514926,46.14106353,13.36304495
185,-740.2462007,103.6870712,52.87878149,46.77508428,26.75018012,108.3375777,55.23367898,52.19950442,19.96226144
186,-781.6085946,98.05636332,63.87488151,47.62185568,36.87484919,120.4973732,68.55528022,65.49377709,32.24091201
187,1746.176406,110.4188496,68.94891197,46.57329945,26.96391505,109.3993143,56.13233552,53.17299677,20.3300931
188,-2143.225179,103.4983813,62.76467198,57.22782043,29.63123264,111.2078575,58.02238013,55.13904811,22.97336811
189,-1510.474387,104.7333624,55.01262451,37.54149915,25.42173341,108.4973345,56.17330975,53.31227175,21.08810824
190,-852.790664,96.61355034,48.92716597,49.81581297,18.11808385,100.0051078,46.86939519,43.95386602,11.3087693
191,-3053.160368,94.00554963,48.24334029,40.67920833,14.11846329,96.14764797,42.86510522,39.85106065,7.333360555
192,214.4054499,101.7465045,50.40008103,38.41858621,30.66066837,118.8424161,65.69652452,62.27672213,29.61027788
193,6490.762359,92.58089205,39.25893652,34.235409,12.03263214,94.01516195,40.76708296,37.72909242,5.279254263
194,-1567.357617,112.8539862,59.31954062,50.12879887,35.55414494,118.6716429,65.41479258,62.36013888,29.31181321
195,-2436.310128,95.08209707,70.64877011,57.61751829,49.92994878,121.3364181,107.7746527,98.46785171,61.70526408
196,-2867.204166,105.9671774,51.74030986,36.88164871,28.40050496,115.9312011,62.70042537,59.86308429,27.91530579
197,2185.385607,116.2496649,64.99196684,47.62148775,36.14605809,119.7755057,66.48081834,63.59803689,31.98474729
198,2520.163777,95.92530818,44.23994679,40.90802213,15.98807666,97.98914907,44.69994469,41.68501413,9.316001425
199,-1122.933612,97.2540546,44.36383941,39.21758205,17.17909915,99.21145357,46.05977797,43.06472936,10.31441632
200,-2419.18325,94.74119181,41.45013604,34.36194457,15.88363896,97.92082698,44.6637623,41.43804841,9.068006007
201,-972.2445167,97.80131077,49.47762538,40.59089828,14.7794705,96.96124344,43.70064597,40.74126602,8.016997521
202,4106.785772,89.97278498,41.91896476,39.14620469,13.22906045,95.35142831,42.12988228,39.06678862,6.235315069
203,597.0232768,92.79738639,47.30261739,38.29923498,24.07409314,106.0840804,52.95578706,49.77433735,17.69542167
204,2726.323717,93.91906839,41.09968838,39.29217212,11.99741091,94.09166525,40.87198721,37.9355222,5.17707228
205,2527.073946,99.91581985,71.28025887,48.52428463,33.03856301,115.1905587,61.9180947,59.30242442,27.48262667
206,2553.190718,95.63994025,56.13794434,53.8640539,27.12689565,108.3597823,56.1720855,53.10032836,20.35207768
207,2228.426479,110.9225145,72.48396058,47.12201794,29.2245175,111.220089,57.98092375,54.90506659,22.98985744
208,3601.741161,91.06541042,50.79881925,51.67436742,20.25583687,102.1988944,48.96009672,46.06302745,13.43302867
209,-1894.067379,95.24920889,44.32333822,38.86920167,17.34531181,99.39441447,46.15196778,43.04867597,10.50899277
210,873.9714842,111.9050511,65.38904655,49.91435448,40.25940286,124.5560693,73.21622682,70.2658828,36.25727268
211,2084.318796,99.80833289,61.71242882,49.23787154,25.29408465,107.6390206,54.36324783,51.32593503,18.48204664
212,-1398.947358,99.59475908,50.75743258,43.48649361,25.3876288,107.4064915,54.10866707,50.95912118,18.70030562
213,5110.927054,94.0935553,40.7266132,33.09768692,15.69626845,97.63315233,44.42554526,41.2485626,9.090173145
214,2918.26583,92.02592268,67.3248235,52.39850087,30.05943091,111.7800948,58.72291048,55.71644897,23.24235104
215,-1805.986176,96.01580826,47.95899196,41.35436145,21.90751023,103.893556,50.82039001,47.68933497,15.06049682
216,2199.762356,97.1455908,43.77145615,34.96633903,19.77209387,102.0598333,49.00026032,46.00146549,13.60571827
217,1643.38316,100.4419654,66.68842489,50.60262997,28.32410009,110.6511729,57.44545682,54.65855595,21.69751674
218,2793.300599,106.9511071,57.18630836,42.18157637,33.14743392,120.3800865,67.28899017,64.60371308,30.92174799
219,-2064.461816,93.34824095,62.18861029,41.22014625,26.23803272,109.336222,56.1079546,52.95108251,20.07447657
220,579.0973214,92.53133034,51.60495296,46.81189389,24.03534513,106.1122024,52.92611377,49.8495444,17.24110281
221,3894.062837,91.20585885,66.73171932,41.7272891,24.55096007,106.8743862,53.91600483,50.94166823,18.33190422
222,2866.336699,100.2920082,57.31129254,40.476564,28.91327405,113.542211,60.32776074,57.451428,24.54895763
223,485.1420576,106.7399466,54.40115654,54.52454291,23.74174776,105.7233882,52.54515748,49.47776781,16.66231261
224,-973.5266887,99.04969668,46.73152686,41.81574629,19.56911915,101.4191565,48.17074675,45.00079289,12.67831261
225,3504.81535,92.92174565,39.87487456,30.07932939,17.26176472,100.1821186,46.95352572,43.74084562,11.32509613
226,-3645.691427,99.85518517,52.37530952,52.23584954,22.58513776,104.594024,51.33900617,48.47313827,15.83386101
227,1175.723207,101.2192036,48.31250869,44.18068447,20.5565979,102.501368,49.27362722,46.25319176,13.72424707
228,-627.7337544,112.91021,79.94857122,64.24722654,40.28304788,118.8308098,70.82574078,68.07292099,33.40311065
229,-1048.147809,100.2052831,47.02294734,46.35007208,17.43177324,99.47760558,46.20545248,43.21090658,10.5635451
230,2248.403504,93.89439707,62.41787532,42.01245851,27.38168784,110.581811,57.37856953,54.61298627,21.70910715
231,256.8648115,94.34236392,56.10393138,50.15357261,29.63668913,111.4651949,58.25882321,55.42086213,22.95301098
232,1935.773724,96.38816835,56.03115176,55.69684333,26.07268905,107.0904445,54.82720069,51.54906234,19.11185036
233,459.1049632,103.8041385,55.33467317,43.00133661,35.64940222,123.1455624,73.15021517,69.44796212,36.36425528
234,240.0378356,104.3969135,83.05363713,57.73689307,39.30798983,120.6610738,68.11087542,65.09061487,33.4166911
235,2693.95864,98.96086736,57.05605854,37.82621477,24.34836788,107.0977087,54.30375841,51.08083849,18.62609535
236,-546.7668304,116.0776008,68.82902665,48.20921293,33.3324074,116.2183894,63.0268214,59.91818147,27.49932233
237,-2453.694922,93.08289321,67.07721082,55.29861879,46.86483858,134.1425335,80.89883857,78.28763456,43.5813933
238,2208.580288,91.83754539,46.30116318,43.52575506,17.61593557,99.67300907,46.46013948,43.20490847,10.55651999
239,-1841.56005,99.60076391,51.18913603,51.41800371,20.44525224,102.8148311,49.5517238,46.49051435,13.50669201
240,979.5278831,94.23557539,50.39284763,48.51950616,21.61565125,103.4886507,50.18828787,47.28659668,14.94076614
241,-6640.698337,101.4561524,48.08906802,42.65522317,21.03441845,102.7356679,49.89932684,47.01149452,14.38853198
242,4884.895766,92.32261907,41.36207734,33.76063223,16.2982202,98.42038813,45.15197363,42.03903776,9.632168683
243,400.9879169,101.7191493,55.51243088,54.33416922,26.41387561,108.3254475,55.05536854,52.23836297,19.72308358
244,3692.05555,99.91084901,64.56413021,41.41930132,25.14591602,107.3512736,54.5066714,51.53737848,19.15259064
245,-1983.853992,93.60594221,63.83038919,41.94450067,26.55059039,109.2364884,56.10276845,53.14757362,20.84228706
246,353.5203856,102.3530619,52.54477335,42.7135817,29.91153834,112.6479499,59.85474758,56.67488007,23.91418465
247,-155.6342029,95.97047432,42.80394682,34.75199157,18.03859262,100.4840719,47.24552595,44.12635888,11.36601586
248,2976.320423,100.2731217,48.36457122,47.02262475,18.17743275,100.413941,47.24523942,43.78078951,10.83973077
249,1924.665045,97.40134319,44.83794061,39.98067027,17.59063749,99.39291684,46.10809732,42.88461926,10.86490629
250,575.2023811,91.99268633,47.65766536,47.17687968,16.99077355,99.05858375,45.86821839,42.59289772,9.859139824
251,-1653.18592,91.93299624,47.56199876,47.63018162,15.98142343,97.82400487,44.51329492,41.33912295,9.143289881
252,-1943.81826,97.89637334,49.90480838,49.61310915,18.28996115,100.416249,47.17431502,44.10219208,11.375825
253,4760.151387,102.6819814,50.54066583,38.91983037,30.38291967,112.6107687,63.22708591,60.13677838,27.89317585
254,-561.1929541,109.2251612,58.02884091,41.359508,19.53679844,101.6098577,48.32724054,45.3492743,13.07564197
255,-2894.793315,96.89455883,44.85520768,37.7945605,19.30021147,101.2339107,47.91522701,44.55901816,12.50543977
256,-2917.682496,97.4266289,76.85031592,56.13389982,42.49715442,120.9840329,70.94791403,68.21606947,38.21253774
257,404.4086798,102.1096135,57.91807599,39.2017745,25.81997485,109.3684857,56.24474269,53.06407346,19.99484391
258,-111.8216518,96.52109939,55.24110724,48.50591051,21.30296736,103.2008627,50.02117991,46.98667714,14.61723783
259,222.1474535,124.203946,74.04001437,57.31136533,45.66635151,123.5253286,77.19347678,73.72806135,39.36535406
260,456.5017124,99.25910156,54.30823806,50.47823125,26.21448358,108.0418549,55.14961992,52.15098833,19.34874999
261,-445.5344013,102.962692,51.65281312,38.13819231,31.00841928,125.6056231,78.13174704,76.85443563,44.02090168
262,-1888.41166,106.6391131,53.1756477,45.02244493,28.29567821,110.9190016,57.6530059,54.54262201,21.74130911
263,-621.2448084,103.8157285,52.08390532,41.37342223,30.65418668,114.672757,61.43268164,58.39181273,25.67129008
264,2031.588857,95.7701987,44.44105325,39.72264429,17.10627924,98.99732054,45.7451582,42.54323429,10.14232534
265,-3227.849939,90.95706465,53.10181316,45.73959662,18.91800107,100.862529,47.64282958,44.48048484,12.14276777
266,1500.165255,100.1006316,47.93219135,42.31355515,21.19810241,103.0529188,49.90879643,46.70053164,14.19332442
267,537.3504839,91.7793515,44.07753614,34.0252768,22.01042503,104.9926486,51.84821032,48.53141893,16.11243424
268,-314.3312499,109.3798187,56.49865088,46.85417502,21.53253635,103.566729,50.44001937,47.47600644,14.87286875
269,1310.196422,126.4594822,64.99336682,39.90925417,21.71779585,104.2319901,51.01726507,48.09117809,15.35429957
270,2460.568571,97.91639658,45.06232481,41.23174783,17.09269841,98.9357936,45.71591959,42.38540667,10.09987021
271,653.7742367,98.70253802,46.1107364,38.53778608,20.87798038,103.0185142,49.91567691,46.81865839,14.15204678
272,173.269916,94.88617353,47.43249571,49.34805016,16.62378315,98.65999563,45.38751203,42.64494044,10.03799126
273,1395.226963,98.8468925,61.22552358,39.26885398,19.33885595,101.8021981,48.53330974,45.2939933,12.53174914
274,-925.5931496,95.12202432,46.56934652,40.048871,20.61148025,102.5504393,49.25982385,46.32130532,13.950207
275,-1099.388683,93.81995478,47.97216475,46.95738373,16.00737606,98.06936898,44.84713776,42.15674642,9.329389424
276,2486.092709,90.69017464,43.71144987,36.51869576,18.02683062,100.2044108,46.97394511,43.76675929,11.29672543
277,-2300.962113,93.27408485,64.0679624,53.19354286,28.66846132,110.6668841,57.39985552,54.38013454,21.83156753
278,-1263.192202,91.62295659,45.11605931,35.10773348,22.66656782,105.7797592,52.80811059,49.37691814,16.6348829
279,-5046.470598,102.3586188,51.53538791,39.99331995,31.19047597,115.9108857,63.95294846,60.75757971,28.33316928
280,851.653026,89.55203748,54.955052,45.26309848,19.92884395,101.9863755,48.69935877,45.82604704,13.34133803
281,271.5369106,97.28371611,55.77189108,49.55466369,29.45053179,111.4930616,58.24659616,55.05195964,22.58164631
282,2214.885835,99.62632092,51.66126636,36.1393879,26.50683651,112.523043,59.25558551,56.34219157,23.3367695
283,-1309.402504,109.2268078,67.07830837,59.13354677,42.10662146,124.6520977,71.43812758,68.1999132,35.575831
284,1340.075836,105.2283332,52.10469338,52.20694196,22.37080409,104.3111572,51.12121439,48.26282095,15.72541267
285,2789.898233,97.67098794,59.75490229,46.5707139,23.15519585,105.2931422,52.01873902,49.06933806,16.49103486
286,-1533.196642,97.56701984,71.7126814,46.62521701,27.9427518,110.380293,57.35909142,54.55683133,21.60156439
287,402.3293847,99.41438386,53.43325147,47.86123398,26.93634121,108.4486864,55.39723002,52.25847852,19.9012172
288,2094.533764,98.12116682,45.9962217,38.37728136,20.97161207,103.0569611,49.76912063,46.77269786,14.44651903
289,-389.6704569,92.91806563,39.60501087,35.4091494,11.81514629,93.81708732,40.52014101,37.3035756,4.912095657
290,1488.166409,93.26909587,40.52633761,33.49663735,14.83780836,96.8658232,43.56929516,40.54264902,8.320736213
291,1134.253056,93.69107702,60.07884599,46.90925697,23.13983022,105.1342067,51.92776147,48.9325265,16.81887834
292,129.6899413,96.96822656,46.68559072,44.18811875,18.12587506,100.0467173,46.75080621,43.7389382,11.36931434
293,-1083.136125,109.0195646,59.9014393,49.23240737,24.34686824,106.3565649,53.19146966,50.14548878,17.74747619
294,-1165.869246,95.02987456,54.13803479,39.43351865,31.01305336,114.4379251,66.36516143,64.01800116,31.66649088
295,3843.837231,93.85622174,47.92335285,45.35726456,15.39059289,97.48836016,44.28175321,41.58803889,8.734972389
296,-1553.524331,91.67815739,54.74368549,49.14789429,21.06708337,103.1400763,49.8495243,46.8629632,14.4371672
297,-33.73481228,95.55967166,43.11633494,39.47043915,15.0542182,97.21276951,43.98894087,41.32227453,8.330629115
298,2450.812656,91.23445975,45.17936124,44.99386529,13.73804317,95.83358062,42.57753595,39.63275237,6.86216934
299,-544.2741274,107.7006336,61.14946211,54.04371113,35.99229998,117.4926005,64.5538167,61.68998107,29.57761411
300,-2600.959825,96.20837065,43.77130384,44.21094521,12.72511869,94.79764381,41.56871006,38.6353871,5.862323634
301,959.4699149,104.7682504,56.2192883,43.07059175,36.48393204,142.9186123,93.70501089,87.80113812,56.67102816
302,810.4628231,99.08049689,56.39085309,50.35606725,29.79781276,111.765601,58.52890661,55.24450621,23.11286579
303,-176.8517474,97.16418056,44.86250146,44.21210111,15.20168437,97.25692641,43.99648765,40.92974557,8.29804774
304,3433.898075,100.9485933,51.65156148,43.73636727,26.79902022,109.0347212,55.8418238,52.66129097,20.10244795
305,80.59153949,102.4079542,49.35224376,42.48143611,23.64965506,105.5097095,52.20537145,48.97633543,16.94071553
306,-803.1119491,95.59778014,47.79098008,49.55146685,16.87907773,98.66426546,45.33427848,42.14297931,10.1336698
307,-3506.491693,91.82884148,55.14163678,45.12101478,33.08795184,111.9144846,62.8315565,59.80432278,27.34192501
308,94.58497426,93.53676107,46.59570975,35.18056259,26.58297296,110.8787553,58.92926074,55.47313502,23.18255583
309,400.3284876,97.93435033,66.45521048,42.77824562,23.70571456,105.9437506,52.77045872,49.89205791,17.30596484
310,3042.108319,103.5569994,54.89480579,50.7167693,21.97426492,103.8597781,50.61728407,47.49157732,15.13763534
311,1344.628841,104.1932098,51.49374999,38.99147095,31.71056009,119.2536536,70.8781548,67.27832171,36.1495019
312,-2504.702167,97.77679225,44.78087002,38.9982407,17.98786111,100.0642612,46.84938736,43.74720679,11.1394941
313,-1541.365964,95.28819527,68.05236255,42.85044007,24.25452216,106.8649802,53.59990088,50.70775031,17.95916546
314,1008.87598,105.1369054,51.93564548,49.61065251,23.39318655,105.0926615,51.86211684,48.69063448,16.46955273
315,-3106.416226,93.04185747,54.22885981,54.1809078,24.19542341,105.8841043,53.03235345,50.08638121,17.25623136
316,4240.058678,97.58914558,55.62092877,43.83887308,34.99383545,113.2196799,68.88276302,65.54348633,32.85295972
317,1722.638839,101.5440531,55.67625439,48.55914002,21.54026489,103.701975,50.42154018,47.45250618,14.88707612
318,2177.466099,96.43243238,44.96955651,43.58499592,15.9460258,97.82741859,44.53858602,41.56734042,9.19885545
319,-182.2966714,92.10039849,50.12405012,43.52202869,23.99886687,105.9721682,52.8382898,49.77443837,17.28829158
320,-362.7438124,95.89515609,46.51791369,45.09676167,14.38841719,96.5081681,43.23820976,40.28938094,7.556900222
321,-3662.243773,97.09861252,46.0017498,40.17000293,19.48244638,101.3063813,48.14186663,45.19347774,12.75078318
322,3034.741743,89.59264522,49.42278489,50.92878325,18.25728689,100.2746365,47.00579431,43.8747412,11.50760958
323,1915.737268,96.89998718,44.8316957,40.56846904,17.03177059,99.11461337,45.9182502,42.64383411,9.874107146
324,-3022.177148,95.47749652,60.47545916,38.2385612,22.56720892,105.2124476,52.03499865,49.00918571,16.6707316
325,616.1644034,98.63616878,47.81673075,45.08328531,19.31761943,101.2623967,48.0130666,45.03952522,12.63955559
326,-3749.211098,99.23638768,46.58157674,45.70838339,16.79226783,98.96850594,45.71032355,42.57066583,9.744734356
327,2279.424262,108.9856562,55.62157377,48.56850523,30.36923561,111.9882525,58.92987516,55.89660758,23.58033221
328,-1743.162466,95.54211533,42.13269978,34.55858374,17.0278306,99.29123529,46.05848021,43.00214277,10.25424584
329,4352.182261,91.37497734,49.68180814,32.78999311,21.24001151,105.3581552,52.3908501,49.26950101,16.54661799
330,-204.2846086,92.31891953,39.96208764,35.99549146,12.05912691,94.08516588,40.80179808,37.70323126,5.167162983
331,-1600.354911,99.21469469,45.83438367,38.72828147,20.39744105,102.3849213,49.1338422,46.18807795,13.72809454
332,2795.543178,102.1798946,57.45873159,47.52325975,35.43177624,115.5304198,64.77415343,61.53029446,29.58307071
333,-1419.946455,103.5835834,54.82949188,55.06425093,24.9830352,106.8290078,53.75126993,50.78303766,18.31977927
334,2390.712141,92.24745054,55.60291809,38.44440384,26.76654191,110.9685071,57.85169764,55.00838507,21.98148293
335,1543.194314,93.15619374,45.21257127,44.34087995,15.89570068,97.76403022,44.42468333,41.12965541,9.104465353
336,947.2513405,95.31215572,43.61799715,43.16001479,14.3006317,96.17609886,42.89275411,40.02497853,7.78480284
337,2670.301988,96.85858151,49.82987676,50.28852523,19.40171922,101.4004473,48.12889869,45.00662895,12.4061568
338,1238.963709,93.81344592,45.04145372,36.75453302,20.86042882,102.7947904,49.57582002,46.46464177,14.39467342
339,-1578.534547,103.6345785,62.41383183,60.96214903,30.53373687,112.287627,59.0071401,56.03961174,23.69488821
340,2675.041481,96.55285612,49.94961759,50.36441083,19.70286222,101.6437411,48.38144497,45.24724044,12.75015824
341,-445.8502939,103.8916774,52.01363274,40.92198267,16.33193052,98.63975272,45.37588042,42.21299374,9.435847313
342,3972.845566,90.94922545,50.04824007,46.968641,21.8663488,103.5075995,50.50132431,47.53932294,15.00400439
343,-2194.187563,101.1353343,49.56862811,47.80473776,20.44296883,102.4115764,49.22757026,46.10934117,13.51163641
344,50.79267267,98.20822162,45.77539079,37.12192581,21.8629115,104.3211135,51.08207142,47.78060906,15.16868282
345,5405.604077,95.60907735,46.17856809,35.12218134,25.3063559,108.5501629,56.55363921,53.34033268,21.04788536
346,599.3886651,97.7960702,59.60466873,58.45140113,27.5443734,109.3544927,56.16137025,53.23151188,20.77622877
347,1658.329678,98.53704599,46.45464826,46.97216181,16.26866192,98.24456046,45.09147186,42.02155796,9.479397725
348,2855.728403,100.3071192,56.21131997,42.42505923,35.32008303,117.7439332,77.10488391,75.23410194,40.22557452
349,-198.0761194,90.96598105,47.10836924,40.0333384,21.49189164,103.4816734,50.14987563,46.95172243,14.89970238
350,1405.644808,91.27355006,38.18250636,34.98448351,9.866496784,91.89261213,38.61440595,35.57143126,3.00247883
351,-528.7416242,95.43506247,57.22742356,46.58335224,36.26216128,118.8870419,66.46046078,63.32429785,31.46563605
352,-1671.830696,96.9489458,53.66988933,53.60166915,23.96782694,105.3289165,52.63528499,49.67953675,17.26057135
353,6217.461178,93.42090643,50.40179276,42.36672995,25.61303646,106.8064637,54.75997186,51.52623981,18.95720424
354,-1195.282772,103.3229003,49.55838779,37.36274091,29.57425684,119.2410411,66.21691632,62.61604368,29.20500124
355,-2778.587347,93.93550902,41.80858966,36.18035771,14.90841344,97.10753473,43.89998628,40.82296958,7.97898025
356,-660.3022769,95.00276378,41.67281188,35.88809758,14.89358792,97.05780565,43.80978011,40.70474244,8.014668431
357,2152.796988,101.5930513,51.43862546,43.71103252,26.48707523,108.7144827,55.46140474,52.30054259,19.73693846
358,826.1856246,98.19094802,48.09132928,46.06588254,19.16561279,101.1999118,47.91619015,44.84918223,12.25945
359,739.8130026,101.2124094,66.71505973,41.53148162,23.8016591,106.3712312,53.14028585,50.30128216,17.49462681
360,-1462.367321,101.9545925,50.48749515,46.19786541,22.71905695,104.4973882,51.5132222,48.42340009,15.87066574
361,2316.731571,103.1840266,75.45457764,54.83051804,38.5457219,119.5623925,70.20426188,67.47733035,32.9646965
362,162.7076965,95.94207414,43.68857806,42.97958967,14.25526659,96.20332501,42.93334276,39.96333276,7.43214555
363,2241.556742,97.14825564,47.24188461,35.96846118,27.06076001,111.1009298,58.69436985,55.46404636,23.51330554
364,-184.0368628,100.120036,47.47845716,46.6550424,17.98269962,99.98289689,46.7303072,43.75883547,11.09474627
365,1445.113363,88.47867881,62.94725773,42.85962111,22.02761233,104.3933631,51.09652832,48.09421,15.63032808
366,176.3809932,98.25796856,54.58636784,55.38554566,23.63372411,105.878045,52.61902711,49.58043776,16.79080016
367,236.9300039,95.33598153,45.24189612,40.69633538,17.67548535,99.66194784,46.47641907,43.47772016,10.83472281
368,-1788.051845,113.2211917,63.68260677,38.63138697,20.34718836,102.9992529,49.78683941,46.8605732,13.96539256
369,18.94698507,98.592854,70.68554419,48.88359131,33.49103492,116.4224182,63.33657184,60.63393666,27.56801641
370,2141.009692,87.1806296,39.83815489,40.971766,9.008096273,91.07028968,37.77348632,34.71274738,2.194700951
371,-1886.577574,99.74988464,48.60722894,39.68421556,25.08916305,107.267676,54.14420434,51.02121745,18.70644366
372,1993.758039,91.31324712,42.6509185,41.0703396,13.49152057,95.52549648,42.26128921,39.25479825,6.585033785
373,-687.9653935,98.48742515,65.35763172,59.09707137,31.03973902,113.1934005,60.31881024,57.14243252,24.44496338
374,2898.821462,96.40041425,44.78521869,39.61079389,17.61893078,99.64851904,46.41405888,43.2753505,10.6956784
375,-1745.74773,91.74452651,45.2878592,46.30104471,15.01468335,96.97826505,43.68115465,40.71379833,8.240074516
376,473.0153141,95.06142546,41.9383667,37.63202094,14.23621845,96.32237528,43.08326907,40.15311726,7.383681971
377,944.6562619,94.03908637,44.46835255,41.40759697,16.01945278,98.12478379,44.89876231,42.02603832,9.175722147
378,1066.40514,100.2190947,50.90439871,47.84795162,18.52155418,100.6325943,47.40144917,44.36476782,11.55993417
379,-3191.073114,99.96883282,48.67112616,44.96043623,20.71510761,102.5060356,49.411955,46.515594,14.02646943
380,-3960.520896,95.99440047,44.09216882,38.38259108,17.40606422,99.25199044,46.02120396,42.73632328,10.52939965
381,2299.184971,94.33658992,62.27254579,46.73084295,24.48009126,106.5699749,53.30856097,50.22854638,17.71535706
382,608.6547323,110.9523082,67.1562293,48.29841364,34.56094601,115.5877731,65.04987149,61.74635489,28.1609133
383,429.1164133,93.17850179,43.42438336,41.3789833,14.69984616,96.60625794,43.2932157,40.34898495,8.146374417
384,1875.358708,94.59726287,43.83708133,35.42223319,19.4066272,101.6067565,48.60973716,45.37075795,12.7851599
385,198.6671638,96.65428025,76.62245259,51.04232249,33.27938441,116.1957184,63.06458003,60.07860363,26.99312726
386,-109.6947472,100.1095679,62.44748471,47.98393247,39.67493893,129.167999,75.95478564,73.23600059,38.59471109
387,221.8689945,100.6404836,47.53270595,38.63201645,23.73661495,106.0048901,52.92965139,49.78337728,17.42814087
388,-2431.870031,97.73482233,49.42845256,35.79399496,28.55312322,116.1927987,72.49141301,70.60265813,39.03144266
389,-2641.031834,91.58897708,41.32259502,33.04802666,16.93487371,99.1046983,45.89804839,42.85928234,10.4169222
390,-515.8451651,109.0035478,55.33969577,43.89349075,34.92847169,120.2596306,67.5029968,64.0020603,31.16107604
391,2709.050465,103.1867664,51.5163963,49.0745477,22.94254233,104.739407,51.43985781,48.18393156,16.01173597
392,-795.9288423,92.2158933,45.23729207,44.81558868,15.56850947,97.62110622,44.34548439,41.45101287,8.7705849
393,-1297.665832,94.09198908,53.70319428,41.88316678,33.96174558,120.87851,67.88687651,64.28567462,32.35958294
394,-2608.472338,108.7342671,55.19714597,45.85700243,32.70961343,113.3919022,61.43964642,58.59487268,26.66488157
395,-2143.648731,94.65778924,64.93823694,42.04058955,25.71086519,108.8656816,55.66417817,52.67520741,19.41649825
396,-669.5055745,90.15096672,41.8192352,40.4592882,12.7270597,94.70046028,41.41276792,38.53878271,6.002818666
397,-300.8023907,104.4501719,51.70122649,45.00186588,25.78171958,107.3689228,54.4411525,51.19937475,19.00387257
398,-1640.176072,96.20266841,61.55828785,49.07706977,25.27035136,107.3343923,54.04760409,51.24280462,18.82468485
399,-306.2967267,96.1806335,43.02346034,41.72899151,13.89748433,95.86380429,42.56847651,39.64016172,7.159510758
400,3634.063676,94.98983934,41.72491125,38.38404527,13.51951474,95.50737887,42.30638562,39.44564077,6.754533066
401,-240.2713396,94.8493142,56.55296729,43.23327524,36.04316835,120.97042,94.14732937,97.57482447,60.13902919
402,2189.084142,98.82031078,49.23455512,45.21231521,21.55571998,103.4698971,50.18322298,47.26957707,14.78033351
403,1121.823607,93.67063375,53.48665725,45.87854776,19.39278195,101.4551707,48.18484386,45.19734841,12.54561837
404,-2305.764863,96.95532222,56.07087941,51.16508565,22.44754053,104.6613627,51.35515209,48.39401875,15.8475564
405,-491.0240531,95.82233226,60.0546247,46.0031822,22.84850792,104.942203,51.69132479,48.38166489,16.05881397
406,1984.382039,96.9037893,50.40352987,51.00140631,19.50588052,101.4609705,48.24922345,45.13756396,12.59228225
407,113.9686669,98.48261522,45.13854178,38.81982594,18.59232779,101.0084267,47.82052496,44.7174854,11.66240094
408,1644.70329,96.84132037,45.43096798,38.56770052,19.62527142,101.7601264,48.49240028,45.23822185,12.68162734
409,-5644.968801,106.8280449,55.45409465,40.31339716,31.24170565,116.9614388,64.7244403,61.66532153,28.73265774
410,875.5803215,98.21472218,46.02930799,38.88367208,20.44787078,102.4795869,49.25231906,46.13026843,13.79446451
411,214.0376106,100.3889177,50.10263909,46.08132814,22.27483182,104.3241742,51.03726484,48.17496807,15.62865588
412,307.128439,98.58088092,46.55405902,47.17002077,14.93877239,96.83944664,43.58021913,40.64993857,8.248457723
413,3095.720405,100.5250792,53.91600587,55.87020257,22.72494757,104.5767126,51.2655493,48.21673576,16.06369521
414,-2147.473809,101.1143394,47.7632972,40.84344116,21.95334335,104.1219015,50.85261421,47.66638021,15.10828379
415,573.0371482,101.3200258,60.41291768,58.35339886,31.95969729,112.5971048,60.28505017,57.17449053,25.09766627
416,-916.6376166,97.5669904,50.3932392,47.95473127,17.9781555,100.0581846,46.80370965,44.07044966,11.29974057
417,-435.2664308,93.60175088,46.24047162,38.14992755,21.6771476,103.715407,50.65895649,47.61246943,15.0888696
418,1677.998559,97.33686828,67.97628049,46.12659454,26.21090782,108.4711246,55.18156531,52.35029077,20.00641517
419,-2887.884229,92.91274526,39.60143104,33.09318049,13.48705295,95.6114997,42.36840845,39.41084351,6.757985498
420,-320.1124606,94.3806746,41.28191699,34.45913243,15.41698501,97.52889071,44.27708752,41.29646306,8.707468853
421,-3894.854172,97.98696048,49.76272843,39.78374199,27.31611546,108.899667,57.03662784,54.011023,21.84274303
422,1289.804659,95.69525233,49.83018962,39.96251639,27.40607395,110.5502154,57.31939671,53.93051513,21.30859799
423,-1743.386656,92.13468767,45.01762564,44.13111823,15.63858439,97.56533985,44.34599708,41.37687264,8.849711735
424,-2920.580281,96.09540271,44.13700197,41.47051195,15.59108923,97.57903893,44.3046543,41.32316542,8.855493541
425,2492.803454,102.2687577,49.35205019,50.0946937,19.37483765,100.9975502,47.9427913,44.88294909,12.61627993
426,1341.718854,94.56169875,67.82932612,52.38245713,42.34969366,126.7240544,75.84512919,73.30964157,39.17236157
427,-3046.430274,95.87948903,60.67542151,45.84146865,36.98711412,122.1499629,71.68817425,68.75451352,35.27684038
428,1715.544242,96.55884333,46.61085361,44.46140832,17.92374877,99.76001867,46.47705497,43.36954867,10.97422398
429,2155.340008,102.0259435,50.81470206,45.90801936,23.55252831,105.4506781,52.22560782,49.17362526,16.7432068
430,-963.5798663,103.085238,49.7046199,42.38274747,24.43417836,106.500806,53.26259756,50.27031262,17.81030697
431,3251.357372,93.33466627,49.63888347,39.99577121,26.91646036,108.8169014,56.29585162,53.07127948,20.95349321
432,-306.9772402,96.8486583,49.38974563,42.60445601,23.58901214,105.5153849,52.19401333,49.17935971,16.99577116
433,3871.648365,101.8280379,49.28678553,49.35975219,19.50385939,101.3361608,48.08453246,44.84056718,12.68367815
434,-55.83296465,92.76642355,55.16611215,34.89540975,14.46789447,96.66979004,43.44765679,40.37670189,7.871110076
435,-2358.350798,91.76269282,47.4086152,41.19172696,13.75962582,95.82880597,42.54864994,39.55144328,6.976236442
436,2717.430382,99.77516308,55.09655635,42.06547808,35.3789397,114.1395141,87.12212341,81.59831488,60.63517798
437,-27.04079985,96.88585732,48.40122504,39.36648337,24.69226369,107.0971545,54.05574778,50.83045999,18.35708201
438,-1842.773522,102.8138262,49.25568707,39.87930122,26.10366181,108.3556002,55.57372836,52.44055655,19.8755372
439,-1597.931878,109.4563031,68.60261392,52.95130012,43.25183994,126.6160771,75.98529262,73.72111237,41.85283455
440,-1750.975392,103.3969366,52.37150755,41.06299352,31.42424894,115.8261973,63.71762904,60.61814543,27.95692673
441,888.4596623,101.221226,58.37045385,58.2598812,26.88961882,108.637701,55.8354559,52.50373301,19.90217443
442,749.5576784,93.47043104,53.25763075,51.85095214,23.71933252,105.7873769,52.53905783,49.21566721,16.57149633
443,-975.2674528,99.92848857,59.31529445,50.63524826,34.94946216,117.7276204,64.46812428,61.3699792,28.65209881
444,-2135.998577,98.49865331,55.6279621,42.69660059,35.48157393,134.0913548,80.83667528,76.75074349,44.66768153
445,493.4311415,95.33581607,61.55853237,38.09860545,21.68166167,104.4085257,51.11204321,48.14340309,15.79738516
446,-960.8107662,91.26858609,45.38727304,38.85733226,19.24222288,101.3265658,48.15978268,45.04701273,12.38856671
447,18.77262819,122.7800086,70.88060386,53.8886413,42.19508068,120.3342937,73.44225897,70.54324115,37.605527
448,928.0715618,113.4137107,59.81766665,48.66430638,39.46641979,122.8157079,70.73051574,67.40986031,35.51232289
449,-1314.254301,93.86535851,51.86963922,46.13002929,18.23993701,100.377001,47.10165539,44.02445795,11.44657553
450,366.8988344,103.3186898,53.16980253,54.08399894,23.33493332,105.0134264,51.78479698,48.91652738,16.63779683
451,26.30255121,101.5314552,52.61958244,52.5766443,21.45047738,103.4485774,50.18115741,47.07201726,14.51713493
452,-76.8586554,114.7866549,62.49673319,44.58535311,23.27459934,105.5378479,52.27026769,49.34620492,16.7052127
453,-1726.299301,94.43803499,47.47889567,46.32549476,18.12265894,100.1540223,46.91567766,43.92205469,11.37285027
454,843.8495973,92.95210728,41.08445424,35.55749907,14.11332309,96.24410607,42.96568523,39.78487077,7.188400766
455,-5805.031243,94.86114066,45.16273119,38.15864618,19.44322531,101.4470154,48.22771174,45.17275883,12.89691407
456,2696.538103,91.61035514,50.43634012,46.5281818,22.26865687,104.4355357,51.30034059,48.34314582,15.36301793
457,-150.2087839,95.96144003,43.59509527,39.14273071,16.0533219,97.95966076,44.76908021,41.81973108,9.300760907
458,-1768.651899,97.80644647,51.36651307,51.270638,20.24251979,102.1585395,48.93071367,45.81957921,13.25583815
459,2953.526569,95.92134765,43.06350252,39.55906173,14.80081573,96.88595617,43.67756415,40.53956846,7.775268343
460,-250.420901,95.53184099,47.25458464,46.57946532,17.99470712,99.85273154,46.55017505,43.61129921,11.34903465
461,-915.0759361,100.0319042,66.35556028,55.01943893,44.07431315,120.1046227,77.86098395,74.02641166,39.73224729
462,496.0417027,99.67676009,56.93914205,40.41969567,29.62683965,114.0450694,60.80786027,57.77966372,25.32698421
463,-286.7976985,106.9624101,53.98326739,44.76639382,31.03198566,113.0594242,60.16320429,57.21069004,24.61143785
464,2158.513275,94.37121235,42.41225671,40.53326803,13.43147493,95.46885285,42.21164857,39.23366289,6.552565025
465,-2502.714769,89.86914751,39.15979096,37.49235848,10.14645875,92.13652758,38.86822693,35.94369129,3.365522548
466,36.45929403,89.04977366,51.01907718,52.44710556,19.94766956,101.7379737,48.65319241,45.78083181,13.2682123
467,884.5525404,94.26414804,42.63621875,35.14598802,17.29536604,99.53768641,46.27587284,42.9668413,10.4431995
468,-3941.867271,94.76586187,50.69845109,37.18554952,30.09652015,117.1874674,76.92583509,75.71906786,40.77431234
469,70.93425068,98.65572671,45.41813393,40.69944726,18.01394035,100.0907801,46.83241874,44.00729712,11.25172797
470,2164.201749,111.94536,57.97554478,41.51865686,30.80188525,115.2150824,62.1965388,59.41562429,26.88643404
471,1744.904133,120.0510188,67.14997384,55.44105145,30.91106278,112.9758231,60.05030793,57.00558075,24.05310989
472,3293.266217,93.57101106,40.60639923,40.39114649,10.56614798,92.62536139,39.36257393,36.19709382,3.571794416
473,-1096.007139,100.8599419,49.93998818,43.69528214,23.41816771,105.6814271,52.42707565,49.30991233,16.56387842
474,-1199.951733,104.4419462,51.68825728,49.27097726,23.00261216,104.9648711,51.67051637,48.54227589,16.02544958
475,259.991203,104.7808633,51.72641423,43.50846807,27.04750451,109.3979919,56.28506716,53.29788917,20.65502288
476,1130.328356,87.97635544,39.61049703,38.01974406,10.40299641,92.55764079,39.30334754,36.4641202,3.606657015
477,-1352.800452,97.95588444,50.15455446,48.09881814,21.28122079,103.2524049,50.00693527,47.008725,14.37423221
478,-1935.539503,111.2003345,60.71514567,50.01822828,39.72981315,119.0842232,70.08564104,67.04639593,34.79834128
479,-1866.060997,99.67622431,46.99339567,42.38957203,19.47421041,101.524247,48.28433401,45.05605158,12.4194817
480,1445.025445,97.47665941,43.98812692,35.57504201,19.64373025,102.015728,48.84062873,45.68671985,13.0420703
481,-3726.946176,93.5519261,63.6709844,45.56013084,24.34274373,106.4092468,53.29214214,50.37311053,17.77603112
482,-3881.79594,97.67737855,45.13070911,40.40050892,17.85323966,99.56406838,46.48108367,43.33655908,10.90220436
483,2220.561845,94.60121775,47.54094749,47.79071037,16.47321781,98.62147991,45.35411775,42.23514682,9.50391735
484,-537.8386023,96.67126972,51.34957325,51.68702056,20.20681626,102.1624073,48.91277082,46.05784272,13.35602052
485,377.9730507,102.3171506,49.16034291,41.5106892,24.15982755,106.3448632,53.09040304,50.14453775,17.49652492
486,-1933.781747,96.68069159,48.13989258,37.25723796,26.53341443,110.2803137,57.87951838,54.94789571,22.1621697
487,1622.354246,101.4625543,61.579716,43.21143139,30.20061953,113.9614499,60.78988849,58.11163237,25.10023371
488,-112.8932476,98.81520565,47.15797556,38.4233976,23.18326507,105.6496952,52.35105018,49.08979222,16.70166002
489,-1065.485314,100.5011533,55.97679734,51.15492822,28.55986401,110.5579572,57.33468984,54.23870688,21.64396817
490,3090.389463,97.57381566,59.22114456,46.10975671,22.39878545,104.5520901,51.34617666,48.5135721,15.96755914
491,-1686.536485,89.22671081,45.23451018,34.40205745,24.16652253,106.5573814,54.86887931,51.85022371,19.70338673
492,-1627.299914,100.1456396,48.54504252,48.92600056,17.33424645,99.40050084,46.146003,43.34520581,10.54307333
493,-394.1593307,97.84566205,44.66504334,44.81995036,14.70956523,96.67157606,43.37184931,40.18793903,7.78413675
494,998.3752476,99.41395185,59.6706516,44.61357347,35.86394313,121.997942,69.41992922,66.62253497,34.51939626
495,-768.960105,88.9278618,38.77841793,34.05106375,11.37307826,93.38986663,40.12335165,36.99908714,4.413414469
496,-723.5950105,92.76678764,50.67060631,49.19549585,21.71516335,103.5989602,50.32889716,47.50553319,15.05519074
497,-348.0977171,87.97468642,41.11532451,37.88159675,12.87145881,94.82822471,41.53288775,38.46660616,6.041862691
498,2284.25389,98.61731757,50.26161685,42.09748848,25.4008528,107.4176873,54.65720466,51.70883505,18.99676606
499,-253.9165316,96.23288079,51.71443366,49.60628048,19.2778102,101.2086999,47.90399541,45.0493623,12.72199357
500,-3597.487978,97.78647501,64.35232936,39.14703724,20.61141149,102.8049723,49.77619342,46.72880694,14.29093366
501,864.1527809,104.9769001,56.34757532,51.48117757,23.08141525,104.9589636,51.82923935,48.80014687,16.31366834
502,1280.066665,105.5554534,56.5512099,51.6305782,23.41446921,105.342559,52.19112444,49.22333263,16.5578467
503,-19.37927199,94.935702,50.08997747,52.54894983,19.08342035,100.7681552,47.42875131,44.31519754,12.48042492
504,-3254.856409,102.6357556,49.1034809,40.12571742,25.08996662,107.4210511,54.67567584,51.7628678,18.91150713
505,-2745.233703,101.5828451,48.60898039,48.73866116,18.82860189,100.804226,47.52217968,44.60037313,12.10270353
506,-3667.370907,101.8251317,51.39603622,40.24460653,31.11259516,114.0462238,62.43265592,59.03414074,26.92053596
507,2654.002881,101.3918774,47.60453084,35.56875518,27.79101033,112.1789472,63.08473074,59.51851318,27.26161579
508,-1968.485163,99.93305339,46.68155069,40.62688598,20.18907794,102.0371865,49.00364527,45.98705434,13.38805476
509,-1155.021971,94.87253246,79.78299091,56.33801054,40.25779825,122.9789185,69.95147822,67.00387085,34.58722922
510,784.643039,100.656872,47.63625231,45.84196526,18.69769163,100.6717501,47.40265957,44.46356901,11.82801559
511,1015.717131,100.2039465,67.56788175,42.77912266,24.13019951,106.5706031,53.28362037,50.42121986,17.83175511
512,4503.054835,102.4585943,53.54652195,45.58363304,19.17674294,101.4508202,48.23187197,45.28988848,12.30989011
513,-161.6938835,90.29670877,45.30250417,41.96069491,17.14096157,99.08493221,45.78250076,42.78937585,10.40380075
514,-3274.31842,89.41936304,43.58371049,33.43761507,21.42402531,104.4417656,51.48310014,48.40126849,15.83408917
515,-152.7827216,106.2433916,53.33501588,45.76428986,19.18826984,101.3269586,48.06607276,45.03124391,12.34993798
516,-1533.628357,99.9817222,59.38700976,42.20071932,30.65685213,114.4247508,61.58901132,58.89573422,26.54540417
517,-362.5436481,94.31900665,68.28676191,43.72973963,26.74799529,109.4225152,56.25484915,53.50671875,20.63162213
518,104.4698246,96.89914761,61.49156601,44.50546238,33.11916494,116.9618895,64.02796071,61.20479965,28.99816659
519,4233.724521,100.8185686,48.16062837,41.07868768,22.39019374,104.4497367,51.43025621,48.44930165,15.67739325
520,-2621.634459,89.90639276,41.65278719,36.18425365,14.78326343,96.72507041,43.44504928,40.2677361,7.915958799
521,-3045.240982,97.21477226,54.6924199,43.99969972,19.23206779,101.1049919,47.90072575,44.90022823,12.64035285
522,839.322378,92.99707855,45.62107876,46.31482879,14.60134339,96.52903155,43.2490877,40.25339358,7.756740447
523,-3047.943551,104.4467931,51.09604152,41.84580555,28.23305007,110.4155395,57.22959924,54.23519446,22.00526776
524,1677.878742,101.3641479,56.30556676,41.97856924,33.94159723,118.7502694,70.68887601,67.9096798,34.59968879
525,-885.2412706,102.4570705,48.89548843,37.1613102,29.09180179,115.9052957,62.71238701,59.2030806,27.06995951
526,2117.900771,102.1085253,48.2385885,33.38213208,24.81014723,109.6294248,59.19538558,56.46355359,24.48714569
527,1693.667059,101.7977783,61.50091279,43.4623802,30.69852325,114.1626471,61.25742428,58.31660168,25.92635184
528,-770.5161203,99.94599179,47.53281796,47.05247254,17.75667027,99.82191519,46.67076099,43.73112523,10.93710995
529,-1024.294142,97.04383459,45.16625042,41.91598707,16.90282984,98.85427727,45.5717068,42.3939121,9.948057724
530,816.1384879,104.9324274,51.72673092,36.4720272,27.08018552,113.7638548,60.71831571,57.98071109,24.02291006
531,-1286.721662,92.8643301,40.33674903,36.27081109,12.47584684,94.53419155,41.32781134,38.33137783,5.562603349
532,-1369.408253,93.83622561,50.96747753,51.87985637,19.93491918,101.7854314,48.48651556,45.33347164,13.07303092
533,-1272.386338,106.4387023,77.18165858,53.0964515,34.37212641,116.4288037,63.45697348,60.56344875,27.94973296
534,2491.534393,95.97974344,47.51326464,42.58728374,20.14094779,102.2104915,48.99253436,45.81052044,13.18569282
535,-869.3037968,101.3782262,63.44928384,42.25496113,27.20712452,109.5051459,56.88259755,53.90274388,21.27745368
536,3768.144373,94.86020912,43.42960962,38.85402566,15.9417399,97.93562277,44.72086149,41.88416007,9.209595908
537,-1062.585641,90.32296221,47.58052764,46.13142327,18.23484156,100.3132354,47.06235269,44.01923308,11.29458363
538,467.307038,90.60718732,59.60418675,40.30265925,26.60169049,109.9704406,56.73855226,53.60385861,20.76808752
539,2955.293218,102.3400644,49.79340888,44.96585347,22.33265342,104.4178045,51.17155394,48.12438896,15.48251655
540,2305.30126,106.2377463,55.47397205,38.46113723,26.97855656,111.0554737,57.91584515,55.05152721,22.69477913
541,1127.427755,93.48730862,43.65216307,37.05621679,17.58626976,99.64748359,46.43397317,43.48869767,10.94791888
542,-1632.952921,100.2450871,49.65596531,36.1229414,28.95903942,118.4444371,76.72099054,75.92397865,39.70039428
543,517.1061141,97.40367312,44.39794591,43.08794491,15.2794808,97.14236733,43.87858116,40.78695919,8.460293511
544,574.6705007,101.4097309,49.55654311,38.58319265,28.79106012,113.1749039,59.90739495,56.66938393,24.36300123
545,-1607.327967,95.59412011,44.77182813,39.64738996,17.52621501,99.62842473,46.35810496,43.20316732,10.65484007
546,-540.3596114,96.32204422,46.61663138,38.76988392,21.58814402,104.054193,50.84489972,47.39712687,14.62827681
547,1543.762946,91.49440113,52.31441686,44.08783627,17.85217016,100.0313256,46.74994468,43.58976677,10.98378034
548,460.1352426,103.6346067,70.70511114,45.78189032,27.32776444,110.0023663,56.72403057,53.79163721,21.0566318
549,48.51310149,107.2044603,60.31920774,59.42090212,28.24360747,110.2875567,57.05646855,54.18669378,21.50455414
550,-1387.512759,104.8138708,64.90049991,45.2271259,24.54805796,106.7648574,53.5169256,50.6668845,18.13851025
551,-185.8288899,98.16563921,49.40029363,50.76870402,18.31965151,100.2972531,46.98545242,43.89161915,11.51293118
552,-613.9669027,101.2631792,48.20252464,34.99235121,28.12703584,124.7911299,104.6324959,88.71986177,55.12172148
553,-2566.819234,99.46153746,47.82074408,44.09536463,19.78763887,101.6901986,48.55510261,45.52779998,12.93712702
554,2288.769417,95.3792966,54.81663459,38.70604224,28.40369769,113.4001048,60.22777646,57.33364238,24.77805431
555,-4853.837427,94.13657904,51.38605962,42.90886051,27.65256026,109.6235119,56.41389016,53.45623521,21.18727618
556,424.9029086,97.86199782,45.06743705,43.79906581,15.91028456,97.87468955,44.58573995,41.63937065,9.120149528
557,-1478.099633,102.5187687,56.87701207,53.16546378,28.30777378,110.7851635,57.58106729,54.53889995,21.53579917
558,975.6078677,91.19200402,53.85897788,44.24448254,31.42190735,113.6405052,60.66102542,57.5128879,25.39847137
559,-3626.715342,93.15208054,39.82143365,34.5750734,12.83197694,94.76280406,41.52061529,38.67176433,6.198660225
560,-938.4277407,94.85435205,42.09329123,33.77952092,17.70586932,100.0622073,46.79235445,43.6658252,11.13929591
561,-1965.109666,107.6683409,55.38858542,50.8636791,27.44187181,109.7169644,56.59622342,53.55961379,20.61437863
562,1622.83278,94.02573283,58.89459902,35.76154781,19.41214821,102.3572087,49.07413489,46.10230702,13.25205085
563,238.8130947,100.3809466,53.57182484,50.89033732,24.85830174,106.9690477,53.68289316,50.56890048,17.99049708
564,379.9847955,99.90986726,48.37821348,38.58329445,25.95091446,108.6430744,55.53814166,52.26897865,19.93181212
565,-145.010361,100.6851444,53.6093348,43.23039521,32.00377727,115.4393182,62.29011581,59.15489442,26.56196236
566,2013.213373,93.55961441,43.73352734,44.20867815,13.51636423,95.58532751,42.31168703,39.34444587,6.672640308
567,6114.461734,95.59670511,46.35827978,36.73042279,23.78122706,106.4536268,53.18059901,49.8695414,17.59104385
568,-3634.152803,100.8472538,48.24631268,41.87117666,22.06402949,103.9819395,50.87045818,47.74158851,15.18471829
569,-2931.440107,86.2263931,50.30741888,37.46895404,30.34095907,117.383654,74.43703446,69.81681609,37.11157919
570,-3211.531426,100.9820834,51.3583372,42.76098944,27.16773191,109.1515965,56.446693,53.38206982,20.69933539
571,7.56528623,101.9000923,52.44143646,45.22969208,26.95032523,109.035157,55.78412646,52.76814396,20.27833142
572,2239.045223,103.7235225,54.85513036,46.2302941,20.43412539,102.4051157,49.34034155,46.49736297,13.6868713
573,-575.2499821,100.4480844,60.57090594,50.66443909,25.25056344,107.1866208,54.0468235,51.00920389,18.65735251
574,-4005.746192,93.34132782,59.02763344,43.34711884,33.26663955,116.8798405,66.08186867,63.26972558,29.73266738
575,2317.384111,104.6433974,51.53029964,50.76534262,22.35504383,104.2253793,50.93460823,48.12322624,15.73992026
576,-986.75845,105.5750469,65.50840279,44.33697225,29.23693562,112.3347745,59.08388589,56.16479276,23.36844311
577,3008.142948,111.4566981,62.26453839,62.64407173,31.46923011,111.9112158,60.7761582,57.58603799,24.55811599
578,5157.918073,91.29632049,41.31456062,33.31795329,16.61318851,98.8095657,45.58032817,42.48848259,9.973642489
579,-660.4574088,94.6162257,59.29101387,42.46755531,20.65464959,102.8847641,49.60324706,46.49135343,13.95935513
580,-2510.230398,100.0455922,48.24225393,46.70086637,19.13775199,101.139677,47.90171647,45.03686301,12.24722563
581,-1660.535058,101.8290553,48.48376576,40.56108301,23.7687501,105.5282544,52.49280678,49.29238752,17.19747455
582,2007.557576,95.47150359,43.06071515,35.62856476,17.59870619,99.93842343,46.78296927,44.04395826,11.09895779
583,-1907.258222,92.04991904,38.72059771,33.34041855,11.75787722,93.76126499,40.51413382,37.40131541,4.832854133
584,505.0700641,95.1182857,82.48909798,64.99518487,49.51067798,132.1503611,81.98318047,78.1282258,41.6638689
585,-265.4427209,115.1001014,63.03112796,42.77389622,28.41829203,111.4580164,58.16491151,55.45494825,23.03474027
586,-552.9903835,102.5039552,51.41437291,52.06867705,20.80708759,102.8042682,49.55812518,46.44928125,13.88482442
587,-3733.605617,95.33516247,59.75693325,58.23610228,30.5775754,112.4636267,59.17979093,56.00512968,23.57771636
588,-3670.597631,92.05724785,41.72271267,34.42654236,16.13657446,98.32512493,45.15843146,42.24083622,9.607449861
589,2717.172675,92.98171731,43.33263009,41.58052851,14.27936104,96.30371047,43.02070088,39.9661763,7.484476011
590,-3305.203031,103.0711612,62.4097043,43.29586834,22.20639485,104.4267673,51.31175438,48.11988301,15.52311144
591,-4041.820136,96.02627942,45.5766356,36.51297036,21.52201029,104.4706296,51.39087668,48.20168015,15.09030435
592,-101.5914081,88.31819921,45.8201061,43.58545215,13.20313345,95.21272817,41.89502644,38.8935454,6.5643139
593,1667.050065,97.551817,48.76075764,37.28845406,28.25377884,113.3136345,60.73234095,57.41134288,24.93996344
594,1417.751243,101.4871635,48.41372155,48.20338721,17.52631663,99.55595463,46.31305643,43.17798307,10.4700183
595,-172.8232367,112.1046908,68.2806205,69.98339141,37.52068512,118.7719078,66.18721246,63.27281993,30.73659208
596,-1787.907867,95.45954816,54.34892225,43.28363273,33.66906995,115.9679622,65.14959357,61.68430295,29.40768559
597,715.1428776,98.24580786,46.1301646,46.01615941,15.99050696,98.18776086,44.94162625,42.02749533,9.131225029
598,-967.9999484,105.1498959,51.73239735,37.76023803,30.24715957,122.9284822,70.21106621,68.06023407,34.76592897
599,3233.447047,91.09651343,41.8850119,37.92497746,13.95375098,95.96829131,42.70810778,39.44448217,6.915956063
600,-87.087519,96.13155375,55.53494307,48.47783013,30.13032467,112.0030882,58.80326927,55.95664846,23.65622833
601,-1293.117835,98.33021051,45.98447436,40.40209766,19.22476517,101.1559813,47.92783368,44.9081263,12.47686022
602,1389.085597,106.7999736,55.54968779,55.6012554,24.01651349,105.9981865,52.72429498,49.87712626,17.2738134
603,-724.5339804,100.0791569,47.60608765,44.9549795,18.97585882,100.9822324,47.75581916,44.7064687,12.08968684
604,1854.061704,102.5701048,64.08290935,53.58260848,41.29729205,122.4663622,72.79568057,69.50026296,36.64229285
605,-185.4946758,104.8475381,53.82624382,51.6488653,21.38497125,103.3102542,50.01855451,46.80566747,14.58396585
606,-1623.660847,100.6334918,48.16653296,38.69511759,25.45931656,107.9072187,54.6267538,51.60748972,19.41194575
607,-3716.245543,92.54963991,46.46087605,44.67885774,17.41966181,99.41364234,46.17602565,43.09330479,10.5144374
608,-153.3269153,94.02509235,52.82424836,39.46120549,32.64911545,136.8189228,85.17370728,85.22004118,49.21375141
609,1020.439328,91.43057733,60.91784575,39.58584438,24.43880418,107.4470046,54.14766262,51.21311768,18.72820113
610,2673.970965,89.73522954,45.66803458,41.5322184,17.80667125,99.89753563,46.65421525,43.63278856,10.89218101
611,2920.92986,106.159702,58.958657,43.93132968,35.34087812,122.0401941,69.02309479,66.34540983,34.16410331
612,748.9212625,99.92261462,49.67884686,47.1645957,21.27923839,103.0431848,49.77416806,46.7768642,14.44468995
613,-1765.390655,92.97074996,72.63495066,55.85857594,34.44088824,116.2633693,63.06679002,60.1689219,28.04295767
614,-1781.585872,92.86565191,41.52340383,39.61484348,12.73222176,94.58902171,41.27197084,38.17593148,5.967779558
615,-1851.934295,94.41358351,50.39448623,44.3103221,23.77348597,105.9844215,52.71206692,49.56060758,16.90379862
616,50.35088036,101.1937219,48.30376961,42.04302767,22.03481229,104.0546255,50.7633199,47.46609601,15.03795999
617,-1846.8284,96.59324898,61.94281958,62.59659476,31.54784636,112.2919822,59.78699264,56.56138107,24.46441953
618,-715.7243601,90.91853998,41.61184484,37.94340908,13.54869277,95.62483859,42.34837646,39.44998922,6.783840175
619,275.1213886,99.60621577,53.74435785,43.40869793,18.45852662,100.6253406,47.40418224,44.27705414,11.56273665
620,3195.813966,95.21931315,47.87021201,37.15980457,26.73199854,108.7877764,57.20350295,54.04949456,21.94137212
621,3181.71739,95.59197124,51.19157268,43.96828216,17.1017506,99.37775801,46.13454953,43.32873592,10.37874983
622,-1041.257725,102.6001433,49.18020016,39.16658038,26.93407597,110.0622102,56.80198216,53.64026297,21.1145605
623,-4916.66487,100.1007795,48.65476169,45.39588954,20.41001843,102.2574835,49.1909286,46.45652651,13.85213422
624,997.4646383,94.45159031,63.70020863,64.6267444,32.59819204,112.8944198,60.78974067,57.69828661,25.78329258
625,-759.2870659,91.15182993,48.12027688,47.59341741,16.96122818,98.99712528,45.77916062,42.35717573,9.798790606
626,1731.941002,101.1162246,62.20437458,55.21692974,36.43799739,118.0347455,65.40348172,62.26263917,29.61183234
627,-4323.380211,90.65372895,43.04861899,34.26516187,19.10546107,101.4103446,48.34814781,45.32856837,12.79442267
628,-2419.095207,92.73944679,53.08642784,38.01378814,29.00260938,115.9051898,62.83813189,60.12499221,26.76833618
629,-1606.21783,90.02280129,57.50174706,44.41870129,37.57150343,139.9582473,90.20915683,83.72733068,59.32887462
630,-1057.642751,97.05982492,59.17596151,36.84936522,17.1269501,99.55651662,46.27430565,43.47197573,10.80068502
631,124.2487267,102.4309407,52.37211879,51.21905818,22.44788126,104.8694009,51.65024403,48.48693183,15.42063504
632,-2710.730462,99.8272996,48.22082175,47.36912137,18.82662934,100.8125982,47.53684704,44.54828507,11.98069708
633,308.9503624,95.78838845,51.60722243,40.06361115,31.42977932,117.5482547,64.3025803,60.9877007,28.31330804
634,6764.588631,94.7745152,41.52751861,31.5625457,19.00687448,101.8417661,48.9712322,45.90580882,13.3125023
635,-3093.833142,98.209422,45.88944525,40.3402433,19.02096507,101.143943,47.88912907,44.89830994,12.15852384
636,475.570932,97.7225301,46.48622485,41.75125054,19.07168231,101.1058236,47.82255545,44.81529025,12.25238667
637,3549.729224,85.71063965,42.59298213,36.04098017,16.4311583,98.51275263,45.22800942,42.11111416,9.726823376
638,-889.0779722,94.85919045,43.74099535,43.35111988,13.86046983,95.93962058,42.67335133,39.62443922,6.930266135
639,1047.900592,99.4214071,48.46486916,46.52984907,19.57802678,101.5607955,48.33818597,45.51537359,12.80239844
640,-1490.908704,93.38814001,41.15676494,31.6576213,18.37466655,100.8891735,47.57995296,44.35201143,12.24303017
641,-281.9443417,93.37398623,47.42260697,33.75685794,26.46575922,124.2910082,71.07689597,69.73972651,36.70585301
642,2088.185308,91.87041503,42.16887705,42.72331106,11.56376098,93.67169214,40.41414788,37.48754289,4.67750624
643,453.4086372,91.28849776,42.29949681,43.14929333,12.33961781,94.24163155,40.91082982,37.82955485,5.670475808
644,330.1403926,90.39146426,42.73635627,41.59799702,13.09873231,95.26667455,42.03796088,38.99520096,6.110256082
645,-1142.330502,90.51002822,51.08264546,39.79564199,30.75395039,115.4390854,62.6327614,59.30065402,26.90414454
646,-764.6345131,97.34682175,44.13279802,40.25262647,16.11175784,98.13306943,44.83833927,41.514836,9.054424012
647,1260.868014,108.7415747,69.92492415,47.59578091,27.76026086,109.7486226,57.03608374,54.0456251,21.22554205
648,1042.172566,92.4368352,44.58746078,32.92578355,24.46819465,110.6402757,57.64142442,54.35280504,21.93583618
649,1263.770861,92.41694006,67.64667265,65.9562737,38.16230138,119.5846923,67.14877177,64.2167744,31.43183702
650,1819.760698,100.1653619,47.16233366,46.88160793,16.01091531,98.23207348,45.04310957,42.11180432,9.092973028
651,-1303.364413,94.38772925,62.08671346,60.17937201,29.92014236,110.4723066,58.62590271,55.8765486,23.13015465
652,-602.4507924,96.2625188,53.0312746,37.52426829,28.01645269,113.8863687,60.5886223,57.68998106,25.81702865
653,-1454.108147,95.5934118,44.99300664,38.71584825,18.67728732,100.7227415,47.40706914,44.45442872,12.13356594
654,-1627.028681,89.34062522,44.01108221,40.33772802,15.92608704,97.98251182,44.69606414,41.71277791,9.135555733
655,4270.380136,96.47827206,48.87997998,49.01162899,18.84190057,100.7451059,47.48987172,44.29768991,11.89642904
656,1046.32928,107.5897377,55.61732525,44.9124661,20.27300103,102.4774569,49.2295872,46.25101291,13.47140356
657,-779.8618503,101.3033783,59.54077039,60.48811622,28.66679796,110.9133266,57.74496727,54.7002168,21.86555076
658,323.7348552,105.8840557,54.55553861,44.08296604,19.39268131,101.4885348,48.24343145,45.38256161,12.61510829
659,-2607.941779,100.1999901,52.06891149,52.07771055,21.54565514,103.7401584,50.49877567,47.33034872,14.5539854
660,-3284.771728,93.24201839,45.47980153,42.81384151,16.88987968,98.90964375,45.62650826,42.62421466,10.02862824
661,1203.709058,101.1366714,53.23640286,50.26775073,20.77996991,102.8630096,49.62147232,46.29598471,13.70216985
662,-217.1999592,103.5086471,51.65635296,46.73930184,24.20974589,106.38627,53.10461319,49.93912384,17.26908421
663,1191.010816,99.38846334,54.69022418,47.13113242,29.28335033,111.7112468,58.42798311,55.49905818,22.72817833
664,1036.453364,97.0773449,44.4228789,32.89506857,24.28862076,109.4600541,56.68937983,53.41643259,21.4736135
665,-2952.138564,115.6485033,65.65593958,48.61068846,26.86889687,108.9584669,55.77158729,52.77494355,20.33285146
666,-91.27476705,100.9035798,47.57050489,40.50150276,21.71970976,104.0822997,50.84414641,48.06601736,15.20641086
667,-1969.395961,96.24153899,43.49280951,35.73586563,18.57637265,100.6816368,47.38703994,44.15116648,11.87519966
668,1790.620831,103.0300452,49.99179423,44.9573767,22.64424429,104.7685112,51.51437805,48.60966746,15.94673609
669,283.0471424,103.5992423,50.30017934,40.09532548,28.71125446,111.4883247,58.17639672,55.01601524,23.30573165
670,-906.1435624,96.3189623,43.17069834,41.22326354,13.9266135,96.04016752,42.81246859,39.51211098,6.773292571
671,-3086.865205,95.70496134,49.22404125,42.30367113,23.3871961,105.4641889,52.29142424,49.44560154,16.81611216
672,3665.006407,92.90087582,39.81252487,33.98672052,13.13625131,95.18309938,41.92753046,38.77529174,6.264451535
673,-1029.604689,91.10177775,43.37673843,39.51919174,15.43099408,97.49079335,44.20627744,41.34253919,8.700742709
674,1674.94657,96.50515233,44.0892911,40.11572329,16.36156868,98.15919316,44.95865976,41.89316297,9.468600992
675,158.8771888,94.05961532,53.41854241,46.33675459,28.01985067,109.8756921,56.61203633,53.12626232,20.98817238
676,5589.034561,93.40413845,41.4600543,34.57925121,15.68585932,97.48036604,44.3326568,41.12921149,9.064913021
677,1215.042579,125.7369159,71.97073968,59.3546452,51.73215091,132.9914571,94.01103601,87.1888736,55.62038592
678,890.7280954,98.41309431,49.76090143,41.16210995,25.94638656,107.9495567,54.91907382,51.97301142,19.51913662
679,-986.2968788,103.1097756,50.89859298,41.6815886,27.18221121,109.9038725,57.01582223,54.02243555,20.98758943
680,3000.849311,89.75841988,49.98307453,35.01065978,26.01427082,110.8039901,60.28417595,57.44217132,25.03518217
681,1174.628709,96.50351932,48.74345358,38.14529069,27.71488972,111.0974335,57.80906282,54.5530178,22.67342413
682,-1021.09143,91.86502245,39.13150568,35.7822504,10.70704492,92.90571208,39.70656806,36.62110241,3.674607168
683,-2666.480278,99.1241154,47.34957198,45.10231429,14.74902428,96.86658184,43.56633547,40.66712061,8.103240821
684,-2110.149016,102.684269,51.74916412,38.86061862,31.43483099,131.2121892,78.00120732,72.9448497,36.77405853
685,-5385.033694,89.40104279,37.29365073,31.729911,10.40028269,92.51456534,39.27460988,36.22292419,3.519146782
686,-354.6103423,107.4203537,53.73281046,40.88094166,34.16362682,122.9679256,78.90088875,75.20953507,43.70187441
687,-4259.215921,98.32519092,45.66957925,41.46012153,17.94402549,99.95203245,46.66933501,43.6144659,11.06561444
688,-1438.883492,91.17739005,44.14776727,42.22757059,15.1630292,97.21312846,43.96345456,41.03104361,8.332627025
689,-373.2803118,94.5004218,46.9275687,44.40273152,14.35811471,96.31800709,43.04831662,40.22426114,7.753211783
690,3535.660193,97.79199678,46.35793252,43.47196944,17.98593287,99.83077899,46.65911353,43.73028203,11.15422673
691,282.7560789,98.31568715,50.15960344,46.30304637,17.33284482,99.27303873,46.03317529,43.17644245,10.64261988
692,-1511.57829,92.02516342,38.71491438,31.8794752,12.78068506,94.83769422,41.64018561,38.36789107,5.947827739
693,3634.082207,98.70112569,57.65061777,49.74145117,23.09634251,104.986157,52.0779013,49.19809423,16.42675791
694,-3417.169504,93.85703737,44.15805348,44.17702473,13.58670706,95.67557052,42.42936932,39.22517489,6.560533434
695,3416.252434,94.72128477,41.69846479,38.92298061,13.20544001,95.14522624,41.87143016,38.7317076,6.268224311
696,1475.307751,97.82279819,59.61349385,55.44416773,26.20884937,108.5464359,55.30232371,52.20310304,19.39792793
697,1083.024981,100.1574373,47.08228707,44.95602,18.2317874,100.096307,47.0048993,44.02886101,11.33997257
698,-3009.941605,93.17224513,45.09652816,34.66862161,23.71355331,106.9890989,53.91872025,50.45003757,18.13980081
699,-2487.790592,96.94951431,65.50812815,52.25767629,29.00102292,110.5614056,57.69377788,54.63311897,22.19595416
700,-199.1356674,95.19902006,42.20623382,35.57686855,16.15924647,98.29685209,45.04082474,41.9605317,9.359680433
701,-390.6471794,94.9959127,51.36540682,50.69749753,21.64032965,103.4992867,50.24273245,46.97904208,14.56121054
702,-1170.876592,108.1898625,57.06165277,55.62799422,27.58391827,109.8512721,56.58678405,53.53670044,20.7407197
703,-1374.160922,103.42377,50.82956753,47.97883644,22.59121715,104.3568951,51.13101663,48.20819578,15.85273569
704,-357.6155428,106.1765087,59.56077421,47.1781323,23.40406737,105.3296447,52.01315482,49.02722669,16.90108974
705,-847.8255183,96.21514167,52.1079745,40.37741275,32.76943688,118.0035404,65.62417471,62.67249961,31.7362952
706,2797.633431,93.83384511,46.75779132,44.17412602,14.00699624,96.09611477,42.78710368,39.88707956,7.41468325
707,-2644.19175,90.70058014,43.82496294,42.97943668,14.15631144,96.33633773,43.10552089,40.27022639,7.29546989
708,-952.3486862,97.61973954,50.00706908,44.58537707,23.21760895,104.9573592,51.72564763,48.48704853,16.36089136
709,-1843.08348,97.90980504,46.70485557,40.20432926,20.43997975,102.7533148,49.50812004,46.45874607,13.6343192
710,1215.405038,109.391958,59.62506659,56.6920469,31.20708894,112.7871728,59.94537232,56.96830374,24.50398307
711,767.7094767,95.2233142,44.11411576,43.53155335,14.6606488,96.6529362,43.35422922,40.44369132,7.955857213
712,-1240.57459,100.7529471,50.20245716,46.44244535,22.17796207,104.1614004,50.96694378,47.94444199,15.26318091
713,3041.94049,107.751365,61.54870355,44.83536033,22.8670489,105.1964623,51.90964216,48.99622554,16.33170571
714,-1400.914612,96.61357376,45.45303928,38.35864415,11.44287049,93.57593133,40.30968932,37.30953815,4.660474794
715,3485.970954,96.37924646,43.37798881,33.37596304,21.14259374,103.9713418,50.94009803,47.49677082,15.18214664
716,2867.532139,99.25245826,46.40638838,38.9109452,21.17154539,103.2442033,50.06986811,46.71095444,14.27144693
717,2398.76996,107.8607622,58.10883619,53.46873768,30.80424261,112.4111927,59.39437011,56.42035024,24.11752123
718,162.5603526,100.4619651,47.5825796,48.32404805,17.1502488,99.19193303,45.90305138,42.83674476,10.28447445
719,8.444401601,101.7782938,50.80674226,49.73651998,21.42450757,103.4712356,50.19103893,47.16083478,14.5679213
720,1555.836261,92.61887614,46.96868831,45.37018453,14.88735377,96.81408621,43.52565976,40.49160379,8.072481777
721,1125.556424,95.48602589,46.55124854,39.12211768,21.22472601,103.4011098,50.20706755,47.2951186,14.62499485
722,-633.3217588,101.2554679,62.03086785,39.61212633,23.79209177,106.6303651,53.34215812,50.32709801,17.75203618
723,41.36475942,91.63431032,64.71243154,39.16593224,21.30585242,103.8805476,50.62601616,47.62941293,14.96312613
724,-5787.091153,91.22154301,39.86098035,41.4191185,8.797674895,90.71302794,37.44832445,34.50903065,2.092467388
725,-335.5506897,91.25573977,44.63133306,42.45770166,15.94248119,97.76093065,44.58116344,41.61861227,9.214036665
726,2884.459009,93.12221327,40.06627426,33.80043186,13.76949421,95.80136759,42.54761122,39.18583327,6.714194904
727,98.54796164,93.15720775,42.73908765,41.45464847,13.4062564,95.46350068,42.21377571,39.19861092,6.562704522
728,-478.7202798,102.9276735,74.23861638,49.43721435,31.06230823,113.0238498,60.00083287,57.13543494,24.81625182
729,1148.260359,95.75938122,50.66218668,40.55697075,28.36204005,111.5627631,58.27915018,54.9299029,22.66186805
730,346.9833254,100.9504758,48.88832019,45.38627712,20.48240164,102.7648331,49.50001167,46.46648458,13.57568534
731,-276.7156277,106.9288022,58.64122711,52.0659143,24.87524796,106.8683669,53.68115059,50.62036114,18.00759941
732,-709.2413122,97.1814342,50.55686186,50.10071018,20.86107059,103.0199277,49.78104557,46.92513583,14.18921897
733,-1141.04191,100.7609025,47.86225447,50.03866429,16.80023756,98.67483822,45.3762967,42.70070146,10.27077981
734,2192.994781,101.0177027,54.93334628,47.33363401,20.70151268,102.8209649,49.56485431,46.52345822,13.90153194
735,-869.2063137,94.96077618,69.4791301,69.82019744,38.58957466,121.2136621,68.325337,65.07359651,31.25343573
736,-2612.034698,92.76629535,40.90958604,37.2262293,12.71871531,94.87725777,41.66378606,38.67570612,5.824080137
737,-1872.152828,89.49638754,48.16590869,44.38975221,15.2546972,97.18862135,43.93575387,40.95648349,8.548878111
738,-2079.395892,100.2315678,62.18364053,40.51418906,25.0814082,108.0512141,54.83576532,52.1540592,19.2859585
739,-2244.511738,114.1399079,63.29302955,46.29095312,24.36455463,106.3816625,53.5999358,50.68805049,17.78958187
740,3607.926147,94.26573471,51.24841577,50.57237153,19.52229444,101.7188291,48.5272264,45.6762699,12.67890058
741,-443.7754151,94.52048236,50.87798697,43.11040808,26.11530635,108.1457224,54.933702,52.04284143,19.51676571
742,-3003.895424,116.6666567,65.88377733,44.19336923,28.89436411,110.2606779,58.34180914,55.27885156,23.06609302
743,3941.596881,99.18182073,46.19934677,38.27150288,21.38118379,103.6846364,50.5128258,47.34124424,14.64602433
744,-2964.714027,96.60451066,45.0399571,43.84695024,15.83837313,97.82474781,44.56215749,41.66875464,9.104796256
745,-526.4704631,95.51519257,45.93970935,47.16725338,15.31306239,97.23776537,43.93817403,40.68891907,8.435965136
746,-1189.857175,92.75252715,50.59467993,51.37310209,19.40460746,101.2367368,47.9352646,44.91223769,12.63076116
747,-3070.712571,96.51836632,44.94010565,33.24028439,25.02904252,111.626321,58.37316714,54.86494237,22.52904105
748,1931.065795,102.68455,49.4020535,45.64812162,21.50903469,103.3916331,50.15187568,47.11248231,14.65108378
749,647.9290145,98.98390859,47.44561435,37.09193974,25.75927994,109.1585451,55.90670871,52.85230496,20.38834451
750,-2594.017379,98.4900366,55.00074587,54.79918467,24.84556339,106.8508393,53.71126915,50.73719876,17.89827601
751,-2039.930512,94.97758165,51.40686874,49.95579722,22.16068907,104.2688776,50.99971901,47.97515017,15.21324873
752,2224.628613,95.35661423,44.1216713,40.928588,15.90936978,97.84309102,44.55317486,41.58452288,9.1642777
753,-354.7965725,92.46319305,48.66725413,46.66739377,16.02362129,98.06131646,44.74481357,41.74717994,9.42959577
754,-425.7547247,96.18448322,51.40534974,37.98427822,30.86926564,123.9538826,80.85295811,80.85303747,49.06894742
755,-2499.182224,103.9319381,51.0924644,45.53027346,24.25164811,106.2443022,52.94711822,49.92264032,17.54448427
756,-1530.307772,96.76359666,63.45768319,41.27717843,21.3601568,103.7185475,50.44702969,47.46709784,15.00846015
757,-1146.883355,92.71215465,50.5691844,42.29920335,26.05300698,107.9613984,55.13992966,52.07081525,19.59750335
758,-1192.517858,105.5875683,52.46866001,53.53141252,21.5435375,103.8167725,50.52375361,47.43948674,14.6945207
759,1577.293707,104.3916999,54.22639379,40.11418076,32.40615608,121.2372471,71.00348153,68.60660733,36.27552273
760,-1116.654036,96.51246393,66.17993239,40.93142572,22.64524758,104.9577607,51.70533564,48.58033004,16.12635991
761,562.5206761,96.81368332,43.68088106,39.60436371,15.88615887,97.88036769,44.63909369,41.72093054,9.162120527
762,-4025.431012,98.61029212,52.55904199,50.06529078,23.85389352,105.8444263,52.60816298,49.46858733,16.82219442
763,-2599.065425,95.52583237,55.2413466,55.45790389,24.93305735,106.9410684,53.82243017,50.70261611,17.99376706
764,1291.637119,97.74812503,50.67390127,46.94683133,22.5326325,104.5429232,51.32082903,48.17159683,15.60914923
765,-275.7082561,97.76386567,46.25653581,44.10596459,14.31021111,96.48362629,43.2614163,40.24424834,7.320983847
766,1041.378038,108.0125757,56.49476415,44.62599852,36.66046877,121.4370485,70.77784727,67.58584819,35.81513143
767,-367.6342987,97.534962,44.41515037,42.36668991,15.57022802,97.55409777,44.27853997,41.28448068,8.674164083
768,528.3496917,94.00788276,61.66279422,38.31397531,22.07479275,104.8520372,51.59309886,48.7416956,16.01481122
769,3714.262839,93.33537789,59.41414277,39.34715817,24.81645739,108.0942248,54.8731511,51.98557495,19.16304269
770,2255.755817,97.69886569,46.01481053,34.66953363,25.65467239,110.4662792,57.46362793,54.24073767,22.29447269
771,1607.765593,94.70390898,44.85577352,34.87253587,22.23777223,105.4026296,52.3027882,49.42267817,16.70417721
772,376.1124049,98.71105322,47.80400052,36.65710351,27.16880514,109.184583,58.52195433,55.44846076,23.24558972
773,810.5379593,103.7040259,51.19738755,46.31040866,23.87955535,105.6244456,52.600245,49.61305933,17.27743668
774,931.994939,102.4054633,52.59156286,52.04802249,20.50011484,102.3201535,48.99617412,45.95980289,13.90690103
775,-746.8160011,110.1074807,57.91177679,52.7027764,31.0436275,112.3422479,59.48685397,56.44196072,24.18925463
776,-1596.592845,91.73383156,45.6526626,40.09977451,18.73749782,100.8337919,47.55914494,44.48451528,11.88255829
777,-1995.720478,104.9489699,53.77093728,39.52857198,31.73830515,122.4120829,69.27096849,66.78606655,33.6757071
778,-3879.975859,98.5607055,45.23367979,40.31374974,18.05001449,99.9530453,46.69395479,43.70297854,11.30949909
779,-2999.816987,103.8848326,51.29143812,50.42457161,19.02956556,100.9861067,47.7257343,44.81003449,12.44418675
780,1125.213388,91.05246279,41.9443257,35.74916005,15.60876091,97.65070663,44.43583292,41.48558653,8.844584928
781,215.8480939,101.6083349,48.86753363,46.29205526,20.40200781,102.3052522,49.01992217,46.0750644,13.60389955
782,-1507.627613,100.7477701,57.77433064,42.59381865,33.49945295,120.3568533,67.18773745,64.7596755,32.09720034
783,-1952.917715,103.392165,54.69037652,44.64840605,32.78540267,115.2951731,62.39648969,59.25747831,27.04659531
784,-2675.475977,96.2164283,50.40218606,47.51668899,21.83887099,103.953405,50.68512673,47.63417819,14.95391994
785,1201.142154,93.50392738,40.34363569,32.55030355,15.49296744,97.65972281,44.37893823,40.98723959,8.609984483
786,-2350.864883,94.1100043,42.48671514,37.0035952,15.61338477,97.56967964,44.27610861,41.22185121,8.912214555
787,-229.275823,107.8178889,58.93233028,58.35676329,29.42571765,110.6796154,58.10350634,55.09577544,22.53723895
788,1271.478859,101.9452172,48.87868309,40.71704317,24.37541088,106.5784514,53.38350427,50.41535316,17.88343728
789,-747.384997,90.72409191,43.7131598,44.31746813,12.34910737,94.37733897,41.10228728,38.18848062,5.580714247
790,3241.419707,101.6079087,58.33207271,53.98095352,25.29965833,107.3624866,54.0773342,51.07160006,18.61030058
791,1432.474685,91.59368768,42.69643735,37.48375176,15.62525293,97.62983558,44.35083867,41.20041448,8.678800146
792,1557.361524,98.80784103,53.54584637,51.07254203,24.8126564,106.5837651,53.49393596,50.26603644,17.97126073
793,1353.617679,100.2967095,48.23986667,47.55130703,16.31465871,98.23072491,44.92876772,41.93341767,9.585167985
794,-5092.506066,108.8766609,57.42160853,58.93494795,27.34667726,108.5595392,55.76359735,52.81114813,20.59736935
795,-2598.827122,95.77795756,42.74715495,39.42057144,14.40246808,96.52027959,43.27956176,40.14813055,7.353596697
796,-2999.291928,99.00458668,61.91215299,53.23436563,27.27767294,109.5312941,56.28650885,53.21504278,20.6360185
797,2648.586771,97.6523239,47.60235271,43.46096804,19.80287421,101.8359165,48.55221005,45.36184518,12.86394963
798,2814.278249,94.38731975,57.25527855,42.66243047,34.39812737,121.6490152,70.05659053,67.50130362,34.55054954
799,528.3032171,92.5534757,44.59249012,45.57133067,14.09827214,96.11734423,42.82971464,39.84214665,7.303351777
800,392.8793786,93.66599439,49.85851847,42.72002294,23.99518449,106.3455262,53.12155214,50.09123399,17.26005373
801,808.5046368,101.3720285,56.79365826,57.58995193,26.08657786,107.5390884,54.60262429,51.38597523,19.09054933
802,2852.021037,95.88181672,44.31789139,45.68659303,13.96582204,95.82928526,42.60069059,39.5955758,7.224423376
803,587.5415987,101.0259017,66.16706096,44.70761027,29.72363126,112.2470254,59.16278679,56.21131212,23.68508674
804,1848.067199,92.36300921,51.74832044,47.25727141,18.71244199,100.8893925,47.70461726,44.5970867,11.76942393
805,-4346.410798,110.9270011,61.07046423,42.61150781,21.36506152,103.4489825,50.39105222,47.32659137,14.79961136
806,1129.23003,101.314488,56.6746733,42.02269913,33.69425797,121.5652402,69.01949261,66.37611854,35.28244198
807,1389.343693,99.66082059,67.19094767,42.23581162,24.36375499,106.9736811,53.7623399,50.77402586,17.95792797
808,3715.685385,92.64863986,39.53664693,32.71596287,13.75188564,95.80043638,42.58935363,39.54295778,6.946799452
809,-2147.61268,110.2593966,58.00255184,43.99501016,36.22015986,114.8568024,76.02610392,73.70119215,38.51527521
810,-1389.636076,99.13023298,47.61990797,41.28686578,21.49796894,103.3689543,50.09887363,46.96526359,14.70863294
811,3255.57367,99.71725526,51.31634369,49.14676616,22.55096266,104.3852682,51.18130919,47.9966821,15.56228917
812,-2742.748602,98.20109621,47.20145072,34.78137532,27.23500021,113.8271663,65.33932064,61.94194105,28.95410032
813,2044.743072,99.22625304,46.39551003,42.72170508,18.28005745,100.3512452,47.09875601,43.93771209,11.31398162
814,384.5879543,96.17736125,44.31502496,41.99741503,15.5212163,97.48222853,44.16356852,40.84972376,8.597076241
815,-176.5797559,96.22035679,50.8574412,46.64637593,17.91111518,100.0581276,46.83673524,43.9039796,11.07784172
816,2087.450012,92.76477517,65.02206451,49.94405526,27.39396363,109.6059866,56.33921751,53.59089925,20.93839061
817,680.844827,101.6387628,66.74285681,48.77638526,27.31459412,109.3634454,56.02038081,52.71390564,20.76713951
818,238.4783839,97.86320409,51.40653731,52.40236189,20.50291011,102.4516509,49.19004712,46.38228723,13.77589297
819,-679.2061765,99.00466455,46.36445051,48.15758918,16.13371552,98.14045133,44.83360954,42.11206738,9.649788194
820,512.1871487,95.29414243,60.90709942,48.75306125,24.81040705,106.5946962,53.53818851,50.33383239,18.03351787
821,-1083.774405,103.1984968,63.53008829,45.79718983,33.50230871,117.2022322,63.96760136,60.91374875,28.69954858
822,-913.6980029,99.25632871,53.74113102,45.90736602,19.4252539,101.6251043,48.36280464,45.32316863,12.61278892
823,-433.6067124,97.25769107,44.18076688,39.15021321,16.99841421,99.01430931,45.7609891,42.79113963,10.18000106
824,738.595105,101.2813833,48.1947581,49.63397388,17.50189392,99.36620658,46.05968287,43.0014033,10.69095282
825,-487.1243007,96.05988775,43.4745181,42.02966458,14.2693117,96.25906514,42.97619522,39.85454604,7.334556455
826,934.1933621,93.10805039,40.32642925,35.48576424,12.6310781,94.99662174,41.82825447,38.42919711,5.424909674
827,-736.2984622,98.63726687,46.17492796,34.8414603,26.02384824,111.1656315,57.89093653,54.44497355,22.19141177
828,-269.5626949,93.49505605,55.59377476,41.93390538,18.62598422,100.8187449,47.54873588,44.57593821,11.97427372
829,1146.738164,98.34977098,48.49671586,48.60015851,18.55803155,100.4959446,47.25215448,44.20817294,11.66035353
830,4772.616587,103.2970293,56.74798692,57.46778523,26.35472877,107.6672706,54.93096722,51.90335082,19.4611005
831,537.1356673,100.1319765,54.54744984,51.44316831,21.70734426,103.9553837,50.67668409,47.62284541,14.93033066
832,-107.3729438,100.3436829,47.48536882,46.98327124,17.5732008,99.65384464,46.41193557,43.32165413,10.59527015
833,-4014.558738,93.46227146,42.18640191,36.90742292,15.10044832,97.1635744,43.94407668,40.74597246,8.05701359
834,-1753.218704,98.52819633,53.21691749,46.3090537,19.37439233,101.4991312,48.23184669,45.05077425,12.38843694
835,2355.769649,95.78978773,43.05114014,33.15050021,20.54094962,103.2497254,50.26915834,47.15192522,14.81743978
836,-5970.391677,92.58307126,55.44362427,44.03353966,19.63767866,101.7147405,48.62715982,45.64190967,12.83526444
837,1847.587808,117.1341283,63.93915621,43.58171335,23.08385385,105.3948127,52.12206079,49.10975649,16.54538185
838,157.3611009,94.77823738,44.1529867,39.00101377,17.13326461,99.01554307,45.7020335,42.6914543,10.47389161
839,3856.901287,93.86389686,43.0590633,34.94708721,18.51126439,100.7006621,47.51952553,44.2576385,11.79775189
840,-223.1676288,101.1261961,61.12148036,43.57883647,31.52248138,115.4379785,62.12029346,59.31238693,27.19036531
841,1289.700418,95.58857735,62.73277548,42.57131633,28.27708991,111.2049161,58.01919835,54.87376181,22.53140627
842,-3645.882148,91.55697541,39.00011743,33.41123394,12.11837026,94.17878955,40.96539676,37.91285418,5.285810119
843,-1585.648383,100.8997406,67.3493169,41.91688321,24.16354741,106.480849,53.32410993,50.37490815,17.96779384
844,-3495.470575,90.3759023,54.85527758,37.00404396,15.62112001,98.01130889,44.77124986,41.67659682,8.842052239
845,1862.643082,99.08590738,54.38227972,43.44161742,32.79722091,117.5901597,64.42621106,61.15663978,28.1426977
846,-1694.982929,97.58323744,45.12818172,36.49921646,20.99614629,103.4679617,50.21878675,47.24332437,14.61921908
847,-376.6365209,88.54683724,46.61917667,40.12331154,20.42065626,102.4092647,49.11878531,45.88323991,13.72949374
848,-999.815108,94.70634513,45.42150366,45.97583319,14.97136531,96.99476513,43.71560519,40.65717164,8.07804392
849,498.3431757,94.91448819,51.61713228,38.75834644,31.86007582,121.0590815,78.25319741,73.72462605,40.67914835
850,-2005.157267,96.45851129,43.35998206,38.48566306,16.08058647,98.07271179,44.76989704,41.84075369,9.41897568
851,854.419046,95.62589784,53.80232492,41.60674486,17.6607811,99.84748569,46.58091908,43.81816214,11.11716144
852,-1269.174712,93.80390414,49.52802856,51.5400902,18.6187176,100.5206196,47.1986109,44.16404501,11.94462325
853,-821.4820829,101.5476412,48.63698689,37.79662623,27.43656159,111.2997621,58.34578652,55.21764815,22.85316014
854,3180.145405,93.64979727,42.65889198,34.76921349,17.84035745,99.91251426,46.79139866,43.76477518,11.25269253
855,-541.3842984,94.76139328,43.65608371,43.90778259,13.7410441,95.67815292,42.36703889,39.20997263,6.902464232
856,-3855.567828,93.20356658,42.70258174,37.98760952,15.27948249,97.23037869,43.99019593,40.92673032,8.504618092
857,119.2720353,97.08898211,51.57043274,47.18704276,24.15817531,105.9867062,52.73975332,49.79919972,17.34044373
858,-2843.835038,91.43702663,48.21361611,45.8472788,19.56734753,101.3411019,48.26411697,45.24532109,12.60732659
859,448.5188512,104.1209212,61.1297248,47.542299,40.86943807,138.2363985,85.3134626,81.47337307,48.28287507
860,885.0412977,102.9933589,51.52128079,41.64345945,29.45567122,111.2584221,58.7557061,55.60796113,23.48297753
861,-1014.734319,108.0034682,68.52912847,44.37838368,27.54688731,110.258253,56.9764214,54.14986128,21.50356295
862,3218.373853,100.4238399,47.5592475,42.4429671,20.32301264,102.4401957,49.25146301,46.17047723,13.42828718
863,1948.15925,92.1263857,51.35862194,38.86001485,31.67857321,116.632451,71.6364326,67.43039707,34.47009629
864,-1636.14444,99.06546555,62.70612681,37.48174404,19.13784698,101.7130523,48.41084412,45.55953678,12.97458343
865,1120.678896,97.47411218,58.38513953,59.06983125,28.1392721,108.7656098,56.68933083,53.42385807,21.12202311
866,-41.27942603,107.4701598,54.05899551,44.63484528,30.91066587,113.6731582,60.4763822,57.39839972,24.77171537
867,-92.08284213,109.7536012,67.08794304,41.90948593,24.14142947,106.5804631,53.39483291,50.32231645,17.7354158
868,1963.963537,95.6330001,44.01122486,34.07391036,21.65343163,104.5199989,51.51107431,48.42070087,15.82259022
869,2598.23814,93.67583152,62.23412955,46.59257253,36.68023332,120.6521194,69.5250152,66.7966241,33.94113544
870,-73.42571432,96.87648381,50.00470359,44.46866765,23.03931767,105.1610045,51.88438021,48.79696397,16.20401306
871,509.0789373,111.9089045,61.59397775,59.08518039,29.10576438,111.1856628,57.91594516,54.92046713,22.2342251
872,-161.260968,92.50920907,50.21687197,37.10186466,30.1950837,135.4767484,87.36722117,80.24454542,47.04630821
873,-1966.319985,100.4605131,48.93892236,49.91291932,18.37929243,100.302998,47.00678617,43.923477,11.51030964
874,-350.9021722,101.3874993,48.07283809,42.63037323,21.21882684,103.1003322,49.81455086,46.80884218,14.61791554
875,-2996.611662,94.37348933,58.04445051,43.57055495,35.32761159,118.8539585,71.60107192,69.05713106,36.31177015
876,-638.4777929,98.42829728,45.37201816,36.26293543,21.92897802,104.5055258,51.23153869,48.03440576,15.5231343
877,3491.226443,96.31405601,47.32436374,39.48739021,22.48360858,104.6545434,51.38420565,48.39474619,15.89315684
878,1022.212054,109.5788299,57.0926532,45.53931023,36.95993899,121.6773868,69.86206016,66.42709492,33.88797911
879,429.2977626,102.8220945,69.28272388,55.16139516,47.31026941,126.2636331,86.57367795,83.68173812,56.70130372
880,761.7409208,100.9597989,47.67869311,45.07725068,19.34988963,101.0420187,47.83986695,44.94192199,12.64320062
881,-828.3931522,102.4051682,49.20965887,49.89788373,19.3532012,101.1312032,47.92897373,44.95834359,12.6688525
882,-366.8213322,98.00151831,44.85115239,40.76907482,16.95762737,99.02049421,45.80858376,42.6359647,9.970350827
883,214.9800926,101.40961,48.58656606,40.27294065,24.51739051,106.5953824,53.33321226,50.18457588,17.82698696
884,1886.777248,101.5926893,58.58467802,51.39162574,33.05021555,111.8819782,62.00880476,58.90803481,26.46356031
885,682.1288763,97.05313465,44.41551573,37.78046271,18.26873807,100.4967162,47.21045506,44.2874619,11.63320484
886,2847.157991,99.34704361,56.04400471,44.49663228,34.9544627,114.4097549,68.63937232,65.24790621,31.86305154
887,2536.372793,102.9120483,50.78334354,40.37594003,28.67407184,110.795266,59.3650831,56.27114989,23.36142105
888,2120.915551,96.38512966,44.84216022,45.00348425,13.90102655,95.99746661,42.76570794,39.71025581,6.939400218
889,-2208.186235,101.9075902,54.04854471,47.94252782,27.59231288,109.7380868,56.48046928,53.52058193,20.90881058
890,1623.165893,105.9629482,53.27945754,43.26857964,31.48979449,111.646032,60.59501844,57.32208418,25.67700032
891,1054.539855,95.93566017,42.97847152,39.81051896,14.71607614,96.64645633,43.41818654,40.47833467,7.989376156
892,2315.451935,97.23298323,45.29620298,36.4180032,21.76343789,104.0047773,50.8053163,47.57687709,15.27626833
893,3236.883845,100.1816434,50.69781199,46.25660128,23.18958265,105.0711546,51.84490796,48.86826499,16.36893678
894,-494.4206702,95.38193338,44.3694315,41.15586698,16.1311422,98.06400036,44.88086058,41.870904,9.170373047
895,-104.036809,94.71445879,48.10506238,35.93609905,28.13326571,117.4209592,64.13985578,60.7560158,27.77889112
896,1114.034775,101.0745333,49.75118188,44.85632927,22.22089595,104.5000251,51.2262686,48.2180655,15.39327841
897,414.9221756,102.3874261,73.42231695,48.68594615,31.40205602,113.4591564,60.97838931,58.01688806,25.14469371
898,509.959108,104.9257579,51.81647002,51.58520721,21.73352304,103.5755504,50.33813745,47.20584694,14.61377232
899,886.5794397,96.99403154,45.39769587,42.92870753,16.85465834,98.77966576,45.49224179,42.53933807,10.01822966
900,781.6429348,95.10781236,58.28784721,39.64684538,26.41980432,109.7282198,56.5995058,53.56579235,21.15180964
901,2335.08637,103.4866355,58.44141501,52.03276283,24.5760328,106.4406075,53.17066432,49.9430078,17.88162944
902,-722.1186412,107.2368255,55.0118385,48.1374303,20.9495644,103.1917006,49.96515447,47.01240552,14.16873681
903,1964.593642,98.70730305,45.53094809,43.91682593,16.55942167,98.5078013,45.21649568,42.27329391,9.788802364
904,3068.843614,101.2896738,48.61927033,49.10607168,16.92112695,98.70247627,45.5926587,42.53172669,10.22990205
905,-110.6429994,95.04540766,53.93487736,36.91551344,25.27051481,109.6208118,56.36965194,53.45570117,20.6911776
906,-579.3904753,94.38198308,41.4635192,39.84709667,12.38507376,94.37907355,41.11898354,38.11092299,5.582046567
907,135.3509399,96.32401856,42.88880744,34.80612091,18.25887257,100.511555,47.23184071,44.00246906,11.56624176
908,137.7448199,90.52788689,44.69798049,42.61638197,12.51510629,94.60271415,41.3394426,38.34025436,5.647185334
909,-1948.728523,103.5148849,50.96854349,39.76324976,30.76730775,111.3503841,62.05658945,59.09638438,27.20308244
910,548.1961449,91.89173952,40.44694039,35.83462939,12.91044483,95.01658808,41.79397103,38.76057681,5.952190226
911,-577.1974222,101.5992864,50.01905214,40.79037465,26.90041961,108.4206034,56.02375623,52.97025579,20.68845307
912,75.25148918,94.49149073,43.76725361,39.66748625,15.98283277,98.00807877,44.76936956,41.81832989,9.11058046
913,2243.727312,95.51910289,44.10739998,35.94478073,19.48505864,101.8392871,48.83732511,45.37756012,12.54718753
914,564.9708064,94.67265998,43.63390716,35.6584965,18.93253025,101.0620434,47.76588672,44.45513283,12.21063552
915,1016.012387,102.4530513,77.30533619,53.48560409,37.21794374,119.2178874,66.02596163,63.09522101,30.9479445
916,-206.9675181,92.8303639,42.49134569,34.95618345,17.24822489,99.42797914,46.13770781,42.87963459,10.49948544
917,1113.735852,113.5018367,65.65467478,45.06373503,30.53202808,113.211944,60.15605608,57.14160993,24.36653156
918,255.7531363,90.78869513,48.7276625,46.96203779,19.66777224,101.6771805,48.400743,45.35735904,12.77752361
919,-3141.571212,99.80794831,51.91323326,41.88452693,29.73788718,112.6329697,59.30269831,56.17186584,24.35126167
920,2169.220197,106.3435844,61.84853265,53.50331443,27.01052403,109.3062494,56.25305604,53.11559595,20.18593033
921,-3090.418683,105.8460073,54.82430522,50.54026867,26.8984102,108.0160806,55.86005007,52.93014203,20.23192658
922,712.183536,95.04200062,54.37666807,48.81978805,20.9815008,103.0318837,49.7667846,46.8960058,14.21848261
923,413.4190077,103.6808522,50.42778154,43.28964071,24.87939615,106.7705831,53.6221136,50.60722509,18.25416362
924,382.2812618,100.9168643,64.34613206,64.12376682,32.79863707,114.5328782,61.71864299,58.83861602,26.24118867
925,1265.661369,99.09469652,46.18912874,37.91569589,21.68517058,103.4206726,50.58216801,47.30594822,15.20921758
926,1107.958086,101.4891077,47.99252553,35.50268199,28.1547262,118.4761916,67.19308452,63.39947717,30.69918851
927,1575.148384,105.1206205,56.18431059,52.01689267,23.17009672,105.0571134,51.7671713,48.64409618,16.40690411
928,4503.968383,96.55620856,49.91826853,41.44388626,15.3436787,97.24768672,44.12851227,41.09650816,8.639313621
929,608.3421774,96.36963629,44.05865691,36.61324081,18.84769737,100.8859175,47.57781159,44.56895392,12.33538028
930,2071.390591,102.3899464,50.46370872,50.03090575,21.18388497,102.8345119,49.54118565,46.21007356,14.502476
931,1133.813019,96.36408338,59.10812891,45.74637597,38.34640418,142.5893743,93.85707593,96.6225877,47.11957916
932,-71.34426947,95.69448286,44.98458407,45.70374998,14.00862196,96.12595359,42.87115012,39.95503733,7.184223035
933,-573.7578007,96.52319467,43.39193987,43.75857664,13.53182029,95.46437818,42.18131102,39.17007467,6.753883691
934,1945.660394,93.44670363,43.20833784,37.64115364,16.39908259,98.4117072,45.11083565,42.20201018,9.771334286
935,-991.1795489,98.50827395,45.13914023,38.38438877,19.32811364,101.2733005,48.12456168,45.03116239,12.47013689
936,3587.717147,95.11459185,62.70834678,63.25149175,32.28345156,113.6552527,61.0199306,58.1558141,25.56913195
937,-795.9267245,105.0434679,51.83495264,43.9801707,26.98043374,109.1276091,55.83855595,52.84756491,20.47722358
938,-3131.176454,94.41430402,48.13661413,47.15862883,16.01524222,98.0800392,44.81920727,41.88258592,9.286798383
939,1912.193689,88.82514949,45.2859678,46.9649338,14.63557457,96.58429693,43.2715041,40.29311441,7.928271855
940,1755.78218,104.1946096,50.88294114,44.6035257,24.75168081,106.2853161,53.25283038,50.12326778,18.09862863
941,461.4755665,95.17458496,53.26436358,55.18653014,22.70890068,104.5495579,51.33673864,48.35284979,16.09368225
942,368.4917672,100.5494714,57.1004541,46.92987034,35.24631879,116.1666897,65.26118058,62.15242689,29.86400892
943,107.6444563,95.62312185,53.64259078,53.17031309,24.20228316,106.0651459,52.84858977,49.90002157,17.40064347
944,-34.5090803,91.73375178,38.49175932,29.63746062,14.80489536,97.20976991,43.92914898,40.69613657,8.293618128
945,-351.0674348,93.60384946,45.37062869,41.03712222,17.66123336,99.72118404,46.43087198,43.37153848,10.80298482
946,-2404.723479,97.56171915,45.07578861,41.25600574,16.98166979,99.0402448,45.81043091,42.5244795,9.850003673
947,-1074.981857,99.8101218,49.74069004,36.2809399,29.30154712,126.3417657,78.15689238,77.36686733,41.57599252
948,-692.019689,97.65037378,44.36771919,39.28446239,17.17082287,99.10744965,45.83420798,42.72271687,10.46391672
949,-450.5273707,105.3772357,65.32322259,61.62646832,36.95166313,118.7797662,65.99787803,62.81060174,30.04742671
950,3189.627438,97.85725009,58.41226422,41.76411568,30.33581677,113.3398986,62.04485339,59.27791303,26.08830454
951,-5104.21668,92.57242183,49.46849557,39.76463772,26.84726467,108.4847427,56.38467865,53.05978765,20.77205385
952,-29.33516687,108.2346608,61.52479332,42.97487311,29.80545852,111.9574486,60.01676026,57.03440656,24.3890563
953,1566.736806,102.3350796,49.06024951,41.89845208,23.68116337,105.4987469,52.28170674,49.23038501,17.08806001
954,694.3149721,93.93870055,50.42536954,44.21598297,24.09914791,106.0650238,52.73582324,49.59600861,17.42730835
955,-1545.436446,95.81865794,65.00081882,59.7206218,38.44669072,119.6534704,66.84719048,63.52503717,31.46821892
956,-509.4069012,107.0521316,61.28979594,44.24557868,32.58145382,115.6733689,63.711554,61.0213682,28.22712151
957,-2538.285477,99.97653206,47.88221469,42.73705399,20.68847455,102.7718279,49.59620179,46.52864604,13.73907843
958,-1943.495987,109.9602352,56.31950286,45.47359674,34.61305711,114.0119933,66.05469212,62.90459183,29.78901439
959,-4675.400364,94.67420789,53.75194932,40.86270881,17.25166123,99.26372181,46.14844186,43.13518678,10.50327351
960,-132.8162987,92.47711938,51.84044256,43.83009119,27.24500518,109.0029229,56.18342098,53.10203529,20.54434599
961,1442.918898,96.81609968,43.64235079,34.28526522,20.40447244,103.097038,49.83021758,46.74057715,14.3401815
962,2784.288035,103.7073056,68.41845447,68.93094721,37.47300085,119.6835182,66.78461437,64.05362092,30.64151634
963,750.5302986,97.80540481,47.41231477,39.75536918,22.44326729,104.56975,51.31241193,48.38731488,15.89600806
964,4490.369719,98.22110035,44.73632166,37.06358493,19.77402712,101.5661313,48.44123765,45.26449707,13.26537446
965,570.5350175,99.13619406,46.60823648,39.27100869,21.04110032,103.3801412,50.09012603,46.99080294,14.44907786
966,-1477.187791,94.9954554,49.8172391,47.59943299,21.02114167,102.9085522,49.67045655,46.43513094,14.04651246
967,-1729.758258,102.1457675,48.51396942,38.08249524,26.58217314,110.266587,57.25563091,54.02258037,21.25425142
968,-2881.876846,92.74582934,46.02123811,40.95626124,18.85882214,100.8426356,47.54863176,44.55562838,12.14270373
969,-1447.299766,100.1634271,47.28681197,45.22565667,18.53240691,100.4697714,47.22992622,44.37743792,11.68805459
970,-1371.757964,91.18622883,44.6861044,44.78017749,14.89013894,96.73656539,43.42207306,40.19333453,8.009434272
971,1149.076743,100.7843924,47.68292327,43.94099105,19.74801119,101.6470219,48.34662974,45.28205514,13.07293056
972,1216.975508,97.78520236,44.36283624,37.26724509,18.85990497,100.8896302,47.61384387,44.52748832,12.10714952
973,1174.994578,104.6618417,52.39160132,53.65288368,21.67158638,103.5686077,50.4140181,47.40202723,14.85737422
974,1559.415957,95.35821818,48.86596188,50.85174994,18.40506623,100.3209592,46.99493601,43.88816798,11.7746174
975,3448.302718,100.514621,59.13114688,47.95380512,37.85738908,122.0935213,70.34034877,67.26455698,34.55855986
976,-802.4943736,104.6072097,51.50183096,51.8397258,21.23392308,103.2080152,50.02211009,46.9585983,14.3689046
977,1423.908831,116.8000803,71.70040297,49.3045077,33.52239779,116.3284814,63.06181399,60.08004958,27.66238274
978,-1712.574936,122.5517272,69.82836331,56.49387179,33.35817084,114.5657319,61.9579321,59.09503985,26.89542941
979,271.825679,94.22139811,47.13932838,45.258004,18.19664769,100.2319203,46.96004676,44.06834165,11.38669698
980,458.5805293,90.38056227,68.52136251,43.27409555,25.92132996,108.6447297,55.46059739,52.48922659,19.50159738
981,4093.923424,90.16618009,42.91255695,35.02430908,18.21496944,100.2626764,47.12150226,43.99221755,11.49301317
982,-2716.829084,98.36499933,48.78638322,49.4328904,18.26319313,100.2029069,46.91721212,43.70414398,11.30951293
983,45.38213734,103.4492156,58.80139223,47.75072979,38.33987486,120.6326481,69.58996829,66.36163171,34.15490062
984,-2512.309393,93.83374412,53.3164559,42.63721424,17.8749837,99.89669788,46.59687453,43.51039198,11.16381216
985,4382.860699,92.74249115,39.50739724,33.23395506,13.20756619,95.20544018,41.95928139,38.69974998,6.308120219
986,-763.514297,106.1215172,70.83930066,45.56464025,27.22679034,109.6157563,56.38647044,53.32639955,20.97954338
987,-763.7297778,103.9541985,78.83063475,69.64727249,48.82304076,136.8227059,83.52041364,80.17663038,42.04079536
988,-5165.647312,98.01416422,51.28319276,44.8827321,17.37608147,99.55363688,46.37973836,43.43630123,10.61440594
989,-3733.17842,107.1731076,56.09875522,39.94349283,29.3960072,113.093143,61.18446384,58.20369781,25.62809568
990,-3472.815098,101.3016554,63.7014462,57.98174927,30.60273297,111.0015727,59.04581728,56.02823238,23.7396321
991,116.0387824,89.66983599,46.12162862,43.73235478,17.51210462,99.29224616,46.01784394,42.76798509,10.49456229
992,2717.805178,103.0499325,50.35006208,47.15449125,22.0603729,103.854612,50.64959067,47.38049726,15.27051289
993,328.9979711,104.6272209,54.83251795,43.62298278,34.02399022,117.5783442,65.68538885,62.37038319,29.85464056
994,-605.0679719,92.26025254,57.10968813,44.87084092,38.37167539,124.2209702,74.43133921,70.60684314,41.48903408
995,1741.756831,108.4428007,61.22174808,42.59484511,21.58557171,103.8339214,50.60632424,47.42379699,14.81753405
996,1719.025524,93.09503202,57.70917222,38.4350244,24.67619999,108.1804623,54.94344155,52.0942344,18.9762772
997,1559.973405,95.21817008,44.99955527,39.07467507,18.45804204,100.4420095,47.14224989,44.02478979,11.64968499
998,-2644.954309,100.9545954,47.83568798,45.02002568,19.09909329,101.1717871,47.99248208,44.74947957,11.96954394
999,-732.4998645,101.1050785,49.80906071,48.50932341,17.88689683,99.87802343,46.63509324,43.62576722,11.02237132
1000,-340.5163746,97.26155771,46.79222518,47.78772099,16.23013214,98.19924924,44.94392578,41.84474826,9.402595641
1001,279.0181593,100.9790623,57.56976089,47.1909269,22.22001306,104.3046836,51.13780326,47.92929008,15.30096627
1002,-3578.134107,99.35776781,52.20021238,53.47909514,21.22864175,103.2651865,50.15231715,47.166682,14.45518851
1003,-2086.970099,106.0420284,72.9377462,56.36333341,34.59941065,115.1264989,63.41717352,60.3682653,28.02993553
1004,597.3802263,98.55546239,56.76377463,46.80764214,21.61842214,103.7378938,50.4571417,47.41048361,14.84086767
1005,-1035.003185,104.9403902,57.62156373,47.61658645,22.36636377,104.3973525,51.1697335,47.97382315,15.55466534
1006,-5173.594025,101.5427951,50.07089734,38.47250584,30.04847508,116.028726,62.79876818,59.62363364,27.46372317
1007,-429.9954482,96.43101432,50.69282585,47.56281412,17.78685177,99.66160733,46.4234396,43.42676944,11.19940819
1008,2946.129741,90.28983574,38.98276806,33.08359982,12.41836139,94.37116901,41.10292608,37.99597006,5.660903259
1009,-1096.758077,100.0612339,46.54311022,37.0459072,23.56609952,106.3216954,53.14386338,49.97867491,17.40058064
1010,2816.573243,91.39725828,41.09953957,32.04281753,17.64362403,99.77478848,46.84206308,43.50543924,11.19493255
1011,-2028.039701,99.0820317,48.58245697,49.16166732,17.37410505,99.26949341,46.00782843,42.89523655,10.51279274
1012,2106.91788,89.87350805,37.87927866,33.57275198,10.18933784,92.17380469,38.91164952,35.61566556,3.106321783
1013,2321.903931,93.77951248,46.11390266,35.06884921,25.42282485,109.5179,56.4878122,53.43643814,21.31199436
1014,-3228.982377,91.11140275,61.61504227,44.2499905,22.59916889,104.8464611,51.74935535,48.67742095,15.84774223
1015,-2348.351958,98.77333312,48.40700974,41.65299559,22.67213923,104.5232262,51.21380191,48.27565682,16.16787613
1016,-273.5846498,97.3184965,51.63344546,48.59953604,18.8469918,100.764352,47.5451751,44.53303734,12.16064746
1017,-1370.620452,97.93172439,44.75147387,40.25746782,17.36349781,99.17867829,45.87062486,42.78477836,10.57768599
1018,-3577.377682,97.9310012,49.55915036,39.21018084,27.73521849,110.3130768,58.09373563,54.77516482,22.14345527
1019,1015.154509,91.85919141,47.03736049,41.54345298,13.54030363,95.68612834,42.40416813,39.51159174,6.850321252
1020,1346.893559,112.0565746,59.29988213,58.48980985,30.65687275,111.636183,58.7479604,55.97995981,24.24949101
1021,2087.884183,99.63802745,47.21892512,40.94333222,20.79845863,102.914584,49.61590379,46.47260295,14.00520426
1022,-411.1018514,96.39773773,43.85869382,41.7109484,15.22392973,97.13221843,43.8448004,41.00913488,8.504490695
1023,-1782.451876,99.99635783,51.13811927,37.39017626,30.06060892,119.0279794,72.87621451,71.08389478,38.62633329
1024,3335.611631,102.3931648,50.22059609,45.57729871,23.17697735,104.7931535,51.52432884,48.76268317,16.63709205
